bootstrap_gain_pct_high,bootstrap_gain_pct_low,faster_cases,gain_per_source_pct,layout_blocks,mean_delta_total_s,method,n,slower_cases,split,task,tied_cases,worst_regression_case,worst_regression_s
14.36264800509146,1.0304754485218104,52,6.85922661068984,15,-815.6972575733333,adaptive_greedy,75,22,ordinary,q3_active,1,edge__adversarial-positive__54,865.1942950000011
,,10,6.0124474173759435,,-750.4773564444446,adaptive_greedy,18,8,stress,q3_active,0,near_collinear_min__n10__spatial,600.8025539999999
16.171603380478217,4.601133680084189,64,9.446232536856447,15,-1052.798135986667,adaptive_two_opt,75,5,ordinary,q3_active,6,uniform__adversarial-positive__54,200.33426899999904
,,15,6.33620192166926,,-685.3305885555556,adaptive_two_opt,18,3,stress,q3_active,0,boundary_outward_min__n16__spatial,1850.4084119999998
0.0,0.0,0,0.0,15,0.0,ant_colony,75,0,ordinary,q3_active,75,uniform__iid__52,0.0
,,0,0.0,,0.0,ant_colony,18,0,stress,q3_active,18,boundary_outward_min__n10__positive,0.0
0.0,0.0,0,0.0,15,0.0,fireworks,75,0,ordinary,q3_active,75,uniform__iid__52,0.0
,,0,0.0,,0.0,fireworks,18,0,stress,q3_active,18,boundary_outward_min__n10__positive,0.0
0.0,0.0,0,0.0,15,0.0,genetic,75,0,ordinary,q3_active,75,uniform__iid__52,0.0
,,0,0.0,,0.0,genetic,18,0,stress,q3_active,18,boundary_outward_min__n10__positive,0.0
0.0,0.0,0,0.0,15,0.0,greedy,75,0,ordinary,q3_active,75,uniform__iid__52,0.0
,,0,0.0,,0.0,greedy,18,0,stress,q3_active,18,boundary_outward_min__n10__positive,0.0
0.0,0.0,0,0.0,15,0.0,immune,75,0,ordinary,q3_active,75,uniform__iid__52,0.0
,,0,0.0,,0.0,immune,18,0,stress,q3_active,18,boundary_outward_min__n10__positive,0.0
1.9098945348215104,-3.120743910978256,40,-0.1951020108021284,15,72.54901364,insertion_greedy,75,35,ordinary,q3_active,0,clustered__adversarial-negative__56,1973.1251269999993
,,7,4.259583287073665,,-494.1244970555555,insertion_greedy,18,11,stress,q3_active,0,near_collinear_min__n16__positive,649.8153949999996
0.0,0.0,0,0.0,15,0.0,iterated_search,75,0,ordinary,q3_active,75,uniform__iid__52,0.0
,,0,0.0,,0.0,iterated_search,18,0,stress,q3_active,18,boundary_outward_min__n10__positive,0.0
0.0,0.0,0,0.0,15,0.0,particle_swarm,75,0,ordinary,q3_active,75,uniform__iid__52,0.0
,,0,0.0,,0.0,particle_swarm,18,0,stress,q3_active,18,boundary_outward_min__n10__positive,0.0
9.087727870749095,2.218633556296025,59,5.144688008571041,15,-666.7550138800001,adaptive_greedy,75,16,ordinary,q4_active,0,edge__adversarial-positive__55,1176.115509000001
,,2,-5.101520159488615,,547.0197317777777,adaptive_greedy,18,16,stress,q4_active,0,boundary_outward_min__n10__spatial,2280.2720120000013
6.879851943604684,1.5433338200656022,53,4.301340244439567,15,-476.3093017066667,adaptive_two_opt,75,22,ordinary,q4_active,0,uniform__iid__56,1522.4103290000003
,,10,0.9096973285364074,,-151.45502083333318,adaptive_two_opt,18,8,stress,q4_active,0,unknown_count_late__n16__spatial,2391.240473
0.9345763136000731,-4.941166527223399,23,-1.7836879876597767,15,259.4980670533334,ant_colony,75,52,ordinary,q4_active,0,uniform__adversarial-spatial__56,1992.1235560000005
,,8,0.7802858312843108,,-123.45945783333329,ant_colony,18,10,stress,q4_active,0,unknown_count_late__n16__positive,1468.971104000001
8.515793158718475,1.6167520840799665,56,4.9235422033445335,15,-574.8758867333332,fireworks,75,19,ordinary,q4_active,0,clustered__adversarial-positive__54,1264.0882140000012
,,12,-0.34534665921603924,,146.44786299999998,fireworks,18,6,stress,q4_active,0,unknown_count_late__n16__spatial,5449.682761999999
4.52612100451871,0.9320318658028826,53,2.8732131499120683,15,-298.71306644,genetic,75,22,ordinary,q4_active,0,uniform__adversarial-positive__56,1210.1115570000002
,,7,-2.6234421177036227,,405.8587630555556,genetic,18,11,stress,q4_active,0,unknown_count_late__n16__spatial,3187.313474999999
0.055706588853431625,-5.708485071524091,7,-3.1343877638548623,15,330.2998314266666,greedy,75,68,ordinary,q4_active,0,uniform__adversarial-spatial__56,1933.7340729999996
,,4,-8.850222501381278,,1107.1282290555555,greedy,18,14,stress,q4_active,0,unknown_count_late__n16__spatial,3806.3198269999993
5.5655476597740945,-0.5900651627690906,44,2.2113631647183496,15,-275.5872540133334,immune,75,31,ordinary,q4_active,0,uniform__adversarial-negative__55,1936.8538059999992
,,9,-4.933948697863344,,759.192552666667,immune,18,9,stress,q4_active,0,unknown_count_late__n16__spatial,5248.796031
0.35289376390131594,-4.832057110741147,30,-2.0194516301059062,15,277.62956885333335,insertion_greedy,75,45,ordinary,q4_active,0,uniform__adversarial-positive__56,2129.671257
,,11,2.4840046186695774,,-345.3558558333331,insertion_greedy,18,7,stress,q4_active,0,unknown_count_late__n16__spatial,1327.007986999999
5.155223229757016,1.9298613473661332,60,3.5471214610140356,15,-382.9599489199999,iterated_search,75,15,ordinary,q4_active,0,clustered__adversarial-positive__54,1008.6976900000009
,,12,3.011098777261967,,-370.77747111111097,iterated_search,18,6,stress,q4_active,0,unknown_count_late__n16__spatial,3076.128433
4.782702393089338,-0.10501807559569584,52,2.398546938648727,15,-256.52588473333327,particle_swarm,75,23,ordinary,q4_active,0,clustered__adversarial-positive__54,1518.2858670000005
,,6,-8.605287226043501,,1151.792416,particle_swarm,18,12,stress,q4_active,0,unknown_count_late__n16__spatial,4795.821499
6.155404533495627,0.48798224813710017,50,3.082857272768802,15,-409.6265841733334,adaptive_greedy,75,25,ordinary,q4_conservative,0,edge__adversarial-spatial__54,1531.1100050000005
,,13,5.243763114359956,,-673.9012661111107,adaptive_greedy,18,5,stress,q4_conservative,0,boundary_outward_min__n16__positive,1083.2629940000006
7.160132552863462,2.140608654957451,59,4.545396688541792,15,-567.8256550933334,adaptive_two_opt,75,16,ordinary,q4_conservative,0,edge__adversarial-spatial__54,995.3860989999994
,,14,6.175473536342702,,-804.383354333333,adaptive_two_opt,18,4,stress,q4_conservative,0,boundary_outward_min__n16__positive,665.8916140000001
0.0,0.0,0,0.0,15,0.0,ant_colony,75,0,ordinary,q4_conservative,75,uniform__iid__52,0.0
,,0,0.0,,0.0,ant_colony,18,0,stress,q4_conservative,18,boundary_outward_min__n10__positive,0.0
0.0,0.0,0,0.0,15,0.0,fireworks,75,0,ordinary,q4_conservative,75,uniform__iid__52,0.0
,,0,0.0,,0.0,fireworks,18,0,stress,q4_conservative,18,boundary_outward_min__n10__positive,0.0
0.0,0.0,0,0.0,15,0.0,genetic,75,0,ordinary,q4_conservative,75,uniform__iid__52,0.0
,,0,0.0,,0.0,genetic,18,0,stress,q4_conservative,18,boundary_outward_min__n10__positive,0.0
-0.30313852069561514,-2.151016285861549,10,-1.24661870608489,15,141.04025718666685,greedy,75,65,ordinary,q4_conservative,0,edge__smooth__52,881.0523990000002
,,4,-0.4640276059744819,,57.62214433333369,greedy,18,14,stress,q4_conservative,0,boundary_outward_min__n10__positive,272.12845600000037
0.0,0.0,0,0.0,15,0.0,immune,75,0,ordinary,q4_conservative,75,uniform__iid__52,0.0
,,0,0.0,,0.0,immune,18,0,stress,q4_conservative,18,boundary_outward_min__n10__positive,0.0
0.376773344579744,-7.924557931417452,25,-3.6174430809475577,15,470.57334238666675,insertion_greedy,75,50,ordinary,q4_conservative,0,clustered__adversarial-spatial__56,3414.4914210000006
,,3,-3.0218946796599644,,347.23858566666706,insertion_greedy,18,15,stress,q4_conservative,0,near_collinear_min__n16__positive,1400.387705000001
0.0,0.0,0,0.0,15,0.0,iterated_search,75,0,ordinary,q4_conservative,75,uniform__iid__52,0.0
,,0,0.0,,0.0,iterated_search,18,0,stress,q4_conservative,18,boundary_outward_min__n10__positive,0.0
0.0,0.0,0,0.0,15,0.0,particle_swarm,75,0,ordinary,q4_conservative,75,uniform__iid__52,0.0
,,0,0.0,,0.0,particle_swarm,18,0,stress,q4_conservative,18,boundary_outward_min__n10__positive,0.0
