best_m,bound_kind,certified_optimal,comparison_budget,comparisons,delta_scores,full_scores,generated_candidates,initial_2opt_m,local_polishes,lower_bound_m,method,point_set,polish_enabled,raw_proposal_best_m,seed,shared_setup_s,stations,wall_s
33800.0,"square checkerboard: colors 25/24, at least 0 same-color edges",False,100000,1,0,1,0,31200.0,0,31200.0,greedy,square650,True,31200.0,42,0.01102491602068767,49,0.02026320801815018
31200.0,"square checkerboard: colors 25/24, at least 0 same-color edges",True,100000,19601,19600,1,0,31200.0,0,31200.0,insertion_greedy,square650,True,31200.0,42,0.010697874997276813,49,0.016234499984420836
31200.0,"square checkerboard: colors 25/24, at least 0 same-color edges",True,100000,1,0,1,0,31200.0,0,31200.0,two_opt,square650,True,31200.0,42,0.0105188749730587,49,0.010578124958556145
31200.0,"square checkerboard: colors 25/24, at least 0 same-color edges",True,100000,1,0,1,0,31200.0,0,31200.0,genetic,square650,True,31200.0,42,0.010533290973398834,49,0.010619540989864618
31200.0,"square checkerboard: colors 25/24, at least 0 same-color edges",True,100000,1,0,1,0,31200.0,0,31200.0,genetic,square650,True,31200.0,43,0.010325541021302342,49,0.010388625029008836
31200.0,"square checkerboard: colors 25/24, at least 0 same-color edges",True,100000,1,0,1,0,31200.0,0,31200.0,genetic,square650,True,31200.0,44,0.010971167008392513,49,0.011070584005210549
31200.0,"square checkerboard: colors 25/24, at least 0 same-color edges",True,100000,1,0,1,0,31200.0,0,31200.0,genetic,square650,True,31200.0,45,0.010530790954362601,49,0.010603540984448045
31200.0,"square checkerboard: colors 25/24, at least 0 same-color edges",True,100000,1,0,1,0,31200.0,0,31200.0,genetic,square650,True,31200.0,46,0.010405000008177012,49,0.010447541018947959
31200.0,"square checkerboard: colors 25/24, at least 0 same-color edges",True,100000,1,0,1,0,31200.0,0,31200.0,immune,square650,True,31200.0,42,0.01056941703427583,49,0.01062083401484415
31200.0,"square checkerboard: colors 25/24, at least 0 same-color edges",True,100000,1,0,1,0,31200.0,0,31200.0,immune,square650,True,31200.0,43,0.01038979203440249,49,0.010423208004795015
31200.0,"square checkerboard: colors 25/24, at least 0 same-color edges",True,100000,1,0,1,0,31200.0,0,31200.0,immune,square650,True,31200.0,44,0.010353208985179663,49,0.0104028339846991
31200.0,"square checkerboard: colors 25/24, at least 0 same-color edges",True,100000,1,0,1,0,31200.0,0,31200.0,immune,square650,True,31200.0,45,0.010326459014322609,49,0.010363083973061293
31200.0,"square checkerboard: colors 25/24, at least 0 same-color edges",True,100000,1,0,1,0,31200.0,0,31200.0,immune,square650,True,31200.0,46,0.010621209046803415,49,0.010685584042221308
31200.0,"square checkerboard: colors 25/24, at least 0 same-color edges",True,100000,1,0,1,0,31200.0,0,31200.0,ant_colony,square650,True,31200.0,42,0.010523625009227544,49,0.010603042028378695
31200.0,"square checkerboard: colors 25/24, at least 0 same-color edges",True,100000,1,0,1,0,31200.0,0,31200.0,ant_colony,square650,True,31200.0,43,0.010265541961416602,49,0.01032187498640269
31200.0,"square checkerboard: colors 25/24, at least 0 same-color edges",True,100000,1,0,1,0,31200.0,0,31200.0,ant_colony,square650,True,31200.0,44,0.010548209014814347,49,0.010621124994941056
31200.0,"square checkerboard: colors 25/24, at least 0 same-color edges",True,100000,1,0,1,0,31200.0,0,31200.0,ant_colony,square650,True,31200.0,45,0.01032941701123491,49,0.010390667011961341
31200.0,"square checkerboard: colors 25/24, at least 0 same-color edges",True,100000,1,0,1,0,31200.0,0,31200.0,ant_colony,square650,True,31200.0,46,0.010207083018030971,49,0.010255708009935915
31200.0,"square checkerboard: colors 25/24, at least 0 same-color edges",True,100000,1,0,1,0,31200.0,0,31200.0,particle_swarm,square650,True,31200.0,42,0.010634709033183753,49,0.010683125001378357
31200.0,"square checkerboard: colors 25/24, at least 0 same-color edges",True,100000,1,0,1,0,31200.0,0,31200.0,particle_swarm,square650,True,31200.0,43,0.010473207978066057,49,0.01052095799241215
31200.0,"square checkerboard: colors 25/24, at least 0 same-color edges",True,100000,1,0,1,0,31200.0,0,31200.0,particle_swarm,square650,True,31200.0,44,0.010730541020166129,49,0.010779541044030339
31200.0,"square checkerboard: colors 25/24, at least 0 same-color edges",True,100000,1,0,1,0,31200.0,0,31200.0,particle_swarm,square650,True,31200.0,45,0.010888958000577986,49,0.010960292012896389
31200.0,"square checkerboard: colors 25/24, at least 0 same-color edges",True,100000,1,0,1,0,31200.0,0,31200.0,particle_swarm,square650,True,31200.0,46,0.01101533300243318,49,0.011069707979913801
31200.0,"square checkerboard: colors 25/24, at least 0 same-color edges",True,100000,1,0,1,0,31200.0,0,31200.0,fireworks,square650,True,31200.0,42,0.01048862497555092,49,0.010524499986786395
31200.0,"square checkerboard: colors 25/24, at least 0 same-color edges",True,100000,1,0,1,0,31200.0,0,31200.0,fireworks,square650,True,31200.0,43,0.010672166012227535,49,0.010724916006438434
31200.0,"square checkerboard: colors 25/24, at least 0 same-color edges",True,100000,1,0,1,0,31200.0,0,31200.0,fireworks,square650,True,31200.0,44,0.010714166972320527,49,0.01077779196202755
31200.0,"square checkerboard: colors 25/24, at least 0 same-color edges",True,100000,1,0,1,0,31200.0,0,31200.0,fireworks,square650,True,31200.0,45,0.010270124999806285,49,0.010319416993297637
31200.0,"square checkerboard: colors 25/24, at least 0 same-color edges",True,100000,1,0,1,0,31200.0,0,31200.0,fireworks,square650,True,31200.0,46,0.010476041992660612,49,0.010556833003647625
31200.0,"square checkerboard: colors 25/24, at least 0 same-color edges",True,100000,1,0,1,0,31200.0,0,31200.0,iterated_search,square650,True,31200.0,42,0.01085462496848777,49,0.011020832986105233
31200.0,"square checkerboard: colors 25/24, at least 0 same-color edges",True,100000,1,0,1,0,31200.0,0,31200.0,iterated_search,square650,True,31200.0,43,0.01039800001308322,49,0.010454167029820383
31200.0,"square checkerboard: colors 25/24, at least 0 same-color edges",True,100000,1,0,1,0,31200.0,0,31200.0,iterated_search,square650,True,31200.0,44,0.01039870799286291,49,0.010442790982779115
31200.0,"square checkerboard: colors 25/24, at least 0 same-color edges",True,100000,1,0,1,0,31200.0,0,31200.0,iterated_search,square650,True,31200.0,45,0.010281499999109656,49,0.010316374944522977
31200.0,"square checkerboard: colors 25/24, at least 0 same-color edges",True,100000,1,0,1,0,31200.0,0,31200.0,iterated_search,square650,True,31200.0,46,0.010507000028155744,49,0.010560000024270266
32079.898987322333,"square checkerboard: colors 21/24, at least 3 same-color edges",False,100000,1,0,1,0,31669.8484809835,0,31669.8484809835,greedy,square700,True,31669.8484809835,42,0.008764416968915612,45,0.008807541977148503
34274.79302720035,"square checkerboard: colors 21/24, at least 3 same-color edges",False,100000,15181,15180,1,0,31669.8484809835,0,31669.8484809835,insertion_greedy,square700,True,31669.8484809835,42,0.008613332989625633,45,0.012844957993365824
31669.8484809835,"square checkerboard: colors 21/24, at least 3 same-color edges",True,100000,1,0,1,0,31669.8484809835,0,31669.8484809835,two_opt,square700,True,31669.8484809835,42,0.008919792016968131,45,0.008970708004198968
31669.8484809835,"square checkerboard: colors 21/24, at least 3 same-color edges",True,100000,1,0,1,0,31669.8484809835,0,31669.8484809835,genetic,square700,True,31669.8484809835,42,0.008752666995860636,45,0.008823707990814
31669.8484809835,"square checkerboard: colors 21/24, at least 3 same-color edges",True,100000,1,0,1,0,31669.8484809835,0,31669.8484809835,genetic,square700,True,31669.8484809835,43,0.008744250051677227,45,0.008799542032647878
31669.8484809835,"square checkerboard: colors 21/24, at least 3 same-color edges",True,100000,1,0,1,0,31669.8484809835,0,31669.8484809835,genetic,square700,True,31669.8484809835,44,0.008876000007148832,45,0.008919999992940575
31669.8484809835,"square checkerboard: colors 21/24, at least 3 same-color edges",True,100000,1,0,1,0,31669.8484809835,0,31669.8484809835,genetic,square700,True,31669.8484809835,45,0.008994999981950969,45,0.009055041999090463
31669.8484809835,"square checkerboard: colors 21/24, at least 3 same-color edges",True,100000,1,0,1,0,31669.8484809835,0,31669.8484809835,genetic,square700,True,31669.8484809835,46,0.008898917003534734,45,0.008939291990827769
31669.8484809835,"square checkerboard: colors 21/24, at least 3 same-color edges",True,100000,1,0,1,0,31669.8484809835,0,31669.8484809835,immune,square700,True,31669.8484809835,42,0.00858462497126311,45,0.00861624995013699
31669.8484809835,"square checkerboard: colors 21/24, at least 3 same-color edges",True,100000,1,0,1,0,31669.8484809835,0,31669.8484809835,immune,square700,True,31669.8484809835,43,0.008861500013154,45,0.008902083965949714
31669.8484809835,"square checkerboard: colors 21/24, at least 3 same-color edges",True,100000,1,0,1,0,31669.8484809835,0,31669.8484809835,immune,square700,True,31669.8484809835,44,0.008806416997686028,45,0.008849959005601704
31669.8484809835,"square checkerboard: colors 21/24, at least 3 same-color edges",True,100000,1,0,1,0,31669.8484809835,0,31669.8484809835,immune,square700,True,31669.8484809835,45,0.008765000035054982,45,0.008803041011560708
31669.8484809835,"square checkerboard: colors 21/24, at least 3 same-color edges",True,100000,1,0,1,0,31669.8484809835,0,31669.8484809835,immune,square700,True,31669.8484809835,46,0.008634958998300135,45,0.00866470899200067
31669.8484809835,"square checkerboard: colors 21/24, at least 3 same-color edges",True,100000,1,0,1,0,31669.8484809835,0,31669.8484809835,ant_colony,square700,True,31669.8484809835,42,0.008844708965625614,45,0.008921208966057748
31669.8484809835,"square checkerboard: colors 21/24, at least 3 same-color edges",True,100000,1,0,1,0,31669.8484809835,0,31669.8484809835,ant_colony,square700,True,31669.8484809835,43,0.008927249989937991,45,0.008978624944575131
31669.8484809835,"square checkerboard: colors 21/24, at least 3 same-color edges",True,100000,1,0,1,0,31669.8484809835,0,31669.8484809835,ant_colony,square700,True,31669.8484809835,44,0.008796874957624823,45,0.008848249970469624
31669.8484809835,"square checkerboard: colors 21/24, at least 3 same-color edges",True,100000,1,0,1,0,31669.8484809835,0,31669.8484809835,ant_colony,square700,True,31669.8484809835,45,0.008658625010866672,45,0.008704249979928136
31669.8484809835,"square checkerboard: colors 21/24, at least 3 same-color edges",True,100000,1,0,1,0,31669.8484809835,0,31669.8484809835,ant_colony,square700,True,31669.8484809835,46,0.00881458300864324,45,0.008882375026587397
31669.8484809835,"square checkerboard: colors 21/24, at least 3 same-color edges",True,100000,1,0,1,0,31669.8484809835,0,31669.8484809835,particle_swarm,square700,True,31669.8484809835,42,0.008889249991625547,45,0.008927874965593219
31669.8484809835,"square checkerboard: colors 21/24, at least 3 same-color edges",True,100000,1,0,1,0,31669.8484809835,0,31669.8484809835,particle_swarm,square700,True,31669.8484809835,43,0.008990250003989786,45,0.009025625011418015
31669.8484809835,"square checkerboard: colors 21/24, at least 3 same-color edges",True,100000,1,0,1,0,31669.8484809835,0,31669.8484809835,particle_swarm,square700,True,31669.8484809835,44,0.008844915952067822,45,0.008884540991857648
31669.8484809835,"square checkerboard: colors 21/24, at least 3 same-color edges",True,100000,1,0,1,0,31669.8484809835,0,31669.8484809835,particle_swarm,square700,True,31669.8484809835,45,0.009024917031638324,45,0.009068708051927388
31669.8484809835,"square checkerboard: colors 21/24, at least 3 same-color edges",True,100000,1,0,1,0,31669.8484809835,0,31669.8484809835,particle_swarm,square700,True,31669.8484809835,46,0.008946040994487703,45,0.008980125014204532
31669.8484809835,"square checkerboard: colors 21/24, at least 3 same-color edges",True,100000,1,0,1,0,31669.8484809835,0,31669.8484809835,fireworks,square700,True,31669.8484809835,42,0.008794042048975825,45,0.008824042044579983
31669.8484809835,"square checkerboard: colors 21/24, at least 3 same-color edges",True,100000,1,0,1,0,31669.8484809835,0,31669.8484809835,fireworks,square700,True,31669.8484809835,43,0.008787499973550439,45,0.008823624986689538
31669.8484809835,"square checkerboard: colors 21/24, at least 3 same-color edges",True,100000,1,0,1,0,31669.8484809835,0,31669.8484809835,fireworks,square700,True,31669.8484809835,44,0.009057457966264337,45,0.009101249976083636
31669.8484809835,"square checkerboard: colors 21/24, at least 3 same-color edges",True,100000,1,0,1,0,31669.8484809835,0,31669.8484809835,fireworks,square700,True,31669.8484809835,45,0.008904875023290515,45,0.008936917001847178
31669.8484809835,"square checkerboard: colors 21/24, at least 3 same-color edges",True,100000,1,0,1,0,31669.8484809835,0,31669.8484809835,fireworks,square700,True,31669.8484809835,46,0.008750042004976422,45,0.008779334020800889
31669.8484809835,"square checkerboard: colors 21/24, at least 3 same-color edges",True,100000,1,0,1,0,31669.8484809835,0,31669.8484809835,iterated_search,square700,True,31669.8484809835,42,0.008874999999534339,45,0.008922375040128827
31669.8484809835,"square checkerboard: colors 21/24, at least 3 same-color edges",True,100000,1,0,1,0,31669.8484809835,0,31669.8484809835,iterated_search,square700,True,31669.8484809835,43,0.00904649996664375,45,0.009086999983992428
31669.8484809835,"square checkerboard: colors 21/24, at least 3 same-color edges",True,100000,1,0,1,0,31669.8484809835,0,31669.8484809835,iterated_search,square700,True,31669.8484809835,44,0.008829291036818177,45,0.008863666036631912
31669.8484809835,"square checkerboard: colors 21/24, at least 3 same-color edges",True,100000,1,0,1,0,31669.8484809835,0,31669.8484809835,iterated_search,square700,True,31669.8484809835,45,0.00872058398090303,45,0.008749708998948336
31669.8484809835,"square checkerboard: colors 21/24, at least 3 same-color edges",True,100000,1,0,1,0,31669.8484809835,0,31669.8484809835,iterated_search,square700,True,31669.8484809835,46,0.008818334026727825,45,0.008855417021550238
30600.0,(n-1) times minimum interstation distance,True,100000,1,0,1,0,30600.0,0,30599.999999999996,greedy,q3_triangle,True,30600.0,42,0.0011194160324521363,19,0.0011545000015757978
30600.0,(n-1) times minimum interstation distance,True,100000,1141,1140,1,0,30600.0,0,30599.999999999996,insertion_greedy,q3_triangle,True,30600.0,42,0.0010260409908369184,19,0.0014462079852819443
30600.0,(n-1) times minimum interstation distance,True,100000,1,0,1,0,30600.0,0,30599.999999999996,two_opt,q3_triangle,True,30600.0,42,0.0012124170316383243,19,0.0012493749964050949
30600.0,(n-1) times minimum interstation distance,True,100000,1,0,1,0,30600.0,0,30599.999999999996,genetic,q3_triangle,True,30600.0,42,0.0010426670196466148,19,0.0010741250007413328
30600.0,(n-1) times minimum interstation distance,True,100000,1,0,1,0,30600.0,0,30599.999999999996,genetic,q3_triangle,True,30600.0,43,0.001018957991618663,19,0.0010463750222697854
30600.0,(n-1) times minimum interstation distance,True,100000,1,0,1,0,30600.0,0,30599.999999999996,genetic,q3_triangle,True,30600.0,44,0.001084042014554143,19,0.0011209999793209136
30600.0,(n-1) times minimum interstation distance,True,100000,1,0,1,0,30600.0,0,30599.999999999996,genetic,q3_triangle,True,30600.0,45,0.001039207971189171,19,0.0010675420053303242
30600.0,(n-1) times minimum interstation distance,True,100000,1,0,1,0,30600.0,0,30599.999999999996,genetic,q3_triangle,True,30600.0,46,0.001029832987114787,19,0.0010563330142758787
30600.0,(n-1) times minimum interstation distance,True,100000,1,0,1,0,30600.0,0,30599.999999999996,immune,q3_triangle,True,30600.0,42,0.001010625041089952,19,0.0010372500400990248
30600.0,(n-1) times minimum interstation distance,True,100000,1,0,1,0,30600.0,0,30599.999999999996,immune,q3_triangle,True,30600.0,43,0.0010208330349996686,19,0.0010469160042703152
30600.0,(n-1) times minimum interstation distance,True,100000,1,0,1,0,30600.0,0,30599.999999999996,immune,q3_triangle,True,30600.0,44,0.0010079580242745578,19,0.0010328330099582672
30600.0,(n-1) times minimum interstation distance,True,100000,1,0,1,0,30600.0,0,30599.999999999996,immune,q3_triangle,True,30600.0,45,0.0010037499596364796,19,0.0010284999734722078
30600.0,(n-1) times minimum interstation distance,True,100000,1,0,1,0,30600.0,0,30599.999999999996,immune,q3_triangle,True,30600.0,46,0.0010098330094479024,19,0.0010342499590478837
30600.0,(n-1) times minimum interstation distance,True,100000,1,0,1,0,30600.0,0,30599.999999999996,ant_colony,q3_triangle,True,30600.0,42,0.001024707977194339,19,0.0010626669973134995
30600.0,(n-1) times minimum interstation distance,True,100000,1,0,1,0,30600.0,0,30599.999999999996,ant_colony,q3_triangle,True,30600.0,43,0.0010212499764747918,19,0.0010528750135563314
30600.0,(n-1) times minimum interstation distance,True,100000,1,0,1,0,30600.0,0,30599.999999999996,ant_colony,q3_triangle,True,30600.0,44,0.0010078749619424343,19,0.001038083981256932
30600.0,(n-1) times minimum interstation distance,True,100000,1,0,1,0,30600.0,0,30599.999999999996,ant_colony,q3_triangle,True,30600.0,45,0.0010023340000770986,19,0.001032042026054114
30600.0,(n-1) times minimum interstation distance,True,100000,1,0,1,0,30600.0,0,30599.999999999996,ant_colony,q3_triangle,True,30600.0,46,0.001009874977171421,19,0.0010396660072728992
30600.0,(n-1) times minimum interstation distance,True,100000,1,0,1,0,30600.0,0,30599.999999999996,particle_swarm,q3_triangle,True,30600.0,42,0.0010041670175269246,19,0.0010292090009897947
30600.0,(n-1) times minimum interstation distance,True,100000,1,0,1,0,30600.0,0,30599.999999999996,particle_swarm,q3_triangle,True,30600.0,43,0.0010114169563166797,19,0.00103629200020805
30600.0,(n-1) times minimum interstation distance,True,100000,1,0,1,0,30600.0,0,30599.999999999996,particle_swarm,q3_triangle,True,30600.0,44,0.0010056250030174851,19,0.0010300829890184104
30600.0,(n-1) times minimum interstation distance,True,100000,1,0,1,0,30600.0,0,30599.999999999996,particle_swarm,q3_triangle,True,30600.0,45,0.0010203749989159405,19,0.001044957956764847
30600.0,(n-1) times minimum interstation distance,True,100000,1,0,1,0,30600.0,0,30599.999999999996,particle_swarm,q3_triangle,True,30600.0,46,0.0010114169563166797,19,0.0010359999723732471
30600.0,(n-1) times minimum interstation distance,True,100000,1,0,1,0,30600.0,0,30599.999999999996,fireworks,q3_triangle,True,30600.0,42,0.0010107919806614518,19,0.0010352499666623771
30600.0,(n-1) times minimum interstation distance,True,100000,1,0,1,0,30600.0,0,30599.999999999996,fireworks,q3_triangle,True,30600.0,43,0.0010012920247390866,19,0.0010252079810015857
30600.0,(n-1) times minimum interstation distance,True,100000,1,0,1,0,30600.0,0,30599.999999999996,fireworks,q3_triangle,True,30600.0,44,0.0009999579633586109,19,0.0010238329996354878
30600.0,(n-1) times minimum interstation distance,True,100000,1,0,1,0,30600.0,0,30599.999999999996,fireworks,q3_triangle,True,30600.0,45,0.0010003750212490559,19,0.0010242920252494514
30600.0,(n-1) times minimum interstation distance,True,100000,1,0,1,0,30600.0,0,30599.999999999996,fireworks,q3_triangle,True,30600.0,46,0.00100658304290846,19,0.0010306670446880162
30600.0,(n-1) times minimum interstation distance,True,100000,1,0,1,0,30600.0,0,30599.999999999996,iterated_search,q3_triangle,True,30600.0,42,0.0010108749847859144,19,0.0010352919925935566
30600.0,(n-1) times minimum interstation distance,True,100000,1,0,1,0,30600.0,0,30599.999999999996,iterated_search,q3_triangle,True,30600.0,43,0.0010105000110343099,19,0.0010348750511184335
30600.0,(n-1) times minimum interstation distance,True,100000,1,0,1,0,30600.0,0,30599.999999999996,iterated_search,q3_triangle,True,30600.0,44,0.0010084999958053231,19,0.0010323749738745391
30600.0,(n-1) times minimum interstation distance,True,100000,1,0,1,0,30600.0,0,30599.999999999996,iterated_search,q3_triangle,True,30600.0,45,0.0009940829477272928,19,0.001017790986225009
30600.0,(n-1) times minimum interstation distance,True,100000,1,0,1,0,30600.0,0,30599.999999999996,iterated_search,q3_triangle,True,30600.0,46,0.0010013749706558883,19,0.0010253340005874634
33588.92119797275,(n-1) times minimum interstation distance,False,100000,1,0,1,0,30424.73029949318,0,29699.99999999999,greedy,q4_triangle,True,30424.73029949318,42,0.00650408398360014,31,0.006550709018483758
29700.0,(n-1) times minimum interstation distance,True,100000,4961,4960,1,0,30424.73029949318,0,29699.99999999999,insertion_greedy,q4_triangle,True,30424.73029949318,42,0.006273333972785622,31,0.00767904199892655
30424.73029949318,(n-1) times minimum interstation distance,False,100000,1,0,1,0,30424.73029949318,0,29699.99999999999,two_opt,q4_triangle,True,30424.73029949318,42,0.0060562919825315475,31,0.006084166991058737
29700.0,(n-1) times minimum interstation distance,True,100000,1343,1305,38,36,30424.73029949318,1,29699.99999999999,genetic,q4_triangle,True,30424.73029949318,42,0.005991415993776172,31,0.007457791012711823
29699.999999999996,(n-1) times minimum interstation distance,True,100000,4420,4350,70,65,30424.73029949318,4,29699.99999999999,genetic,q4_triangle,True,30424.73029949318,43,0.0063100000261329114,31,0.010230250016320497
29699.999999999996,(n-1) times minimum interstation distance,True,100000,2222,2175,47,44,30424.73029949318,2,29699.99999999999,genetic,q4_triangle,True,30424.73029949318,44,0.006083999993279576,31,0.008030208002310246
29700.0,(n-1) times minimum interstation distance,True,100000,1343,1305,38,36,30424.73029949318,1,29699.99999999999,genetic,q4_triangle,True,30424.73029949318,45,0.0059886249946430326,31,0.007333416026085615
29699.999999999996,(n-1) times minimum interstation distance,True,100000,3536,3480,56,52,30424.73029949318,3,29699.99999999999,genetic,q4_triangle,True,30424.73029949318,46,0.0062858330202288926,31,0.009109958016779274
29700.0,(n-1) times minimum interstation distance,True,100000,4400,4350,50,45,30424.73029949318,4,29699.99999999999,immune,q4_triangle,True,30424.73029949318,42,0.00652950000949204,31,0.009545292006805539
29700.0,(n-1) times minimum interstation distance,True,100000,7021,6960,61,54,30424.73029949318,6,29699.99999999999,immune,q4_triangle,True,30424.73029949318,43,0.006120249978266656,31,0.010509499988984317
29699.999999999993,(n-1) times minimum interstation distance,True,100000,2210,2175,35,32,30424.73029949318,2,29699.99999999999,immune,q4_triangle,True,30424.73029949318,44,0.006265415984671563,31,0.007881333003751934
29699.999999999996,(n-1) times minimum interstation distance,True,100000,4835,4785,50,45,30424.73029949318,4,29699.99999999999,immune,q4_triangle,True,30424.73029949318,45,0.00607900001341477,31,0.009271375020034611
29700.0,(n-1) times minimum interstation distance,True,100000,7456,7395,61,54,30424.73029949318,6,29699.99999999999,immune,q4_triangle,True,30424.73029949318,46,0.006321332999505103,31,0.01099366694688797
29700.0,(n-1) times minimum interstation distance,True,100000,8760,8700,60,51,30424.73029949318,8,29699.99999999999,ant_colony,q4_triangle,True,30424.73029949318,42,0.006229375023394823,31,0.017964875034522265
29700.0,(n-1) times minimum interstation distance,True,100000,13569,13485,84,72,30424.73029949318,11,29699.99999999999,ant_colony,q4_triangle,True,30424.73029949318,43,0.006016959028784186,31,0.023496959009207785
29700.0,(n-1) times minimum interstation distance,True,100000,2622,2610,12,9,30424.73029949318,2,29699.99999999999,ant_colony,q4_triangle,True,30424.73029949318,44,0.006392124982085079,31,0.009098457987420261
29700.0,(n-1) times minimum interstation distance,True,100000,3501,3480,21,17,30424.73029949318,3,29699.99999999999,ant_colony,q4_triangle,True,30424.73029949318,45,0.006217083020601422,31,0.010546832985710353
29700.0,(n-1) times minimum interstation distance,True,100000,2622,2610,12,9,30424.73029949318,2,29699.99999999999,ant_colony,q4_triangle,True,30424.73029949318,46,0.006346709036733955,31,0.009057125018443912
29699.999999999996,(n-1) times minimum interstation distance,True,100000,21055,20880,175,157,30424.73029949318,17,29699.99999999999,particle_swarm,q4_triangle,True,30424.73029949318,42,0.0063328330288641155,31,0.020825874991714954
29700.0,(n-1) times minimum interstation distance,True,100000,3524,3480,44,40,30424.73029949318,3,29699.99999999999,particle_swarm,q4_triangle,True,30424.73029949318,43,0.006215250003151596,31,0.0090230000205338
29700.0,(n-1) times minimum interstation distance,True,100000,3959,3915,44,40,30424.73029949318,3,29699.99999999999,particle_swarm,q4_triangle,True,30424.73029949318,44,0.006074999982956797,31,0.00895587500417605
29699.999999999996,(n-1) times minimum interstation distance,True,100000,5274,5220,54,49,30424.73029949318,4,29699.99999999999,particle_swarm,q4_triangle,True,30424.73029949318,45,0.006066165980882943,31,0.009606415987946093
29700.0,(n-1) times minimum interstation distance,True,100000,7902,7830,72,65,30424.73029949318,6,29699.99999999999,particle_swarm,q4_triangle,True,30424.73029949318,46,0.006162457983009517,31,0.01154749997658655
29699.999999999996,(n-1) times minimum interstation distance,True,100000,10944,10875,69,58,30424.73029949318,10,29699.99999999999,fireworks,q4_triangle,True,30424.73029949318,42,0.006315124977845699,31,0.01353408396244049
29700.0,(n-1) times minimum interstation distance,True,100000,2192,2175,17,14,30424.73029949318,2,29699.99999999999,fireworks,q4_triangle,True,30424.73029949318,43,0.0061557499575428665,31,0.007659499999135733
29699.999999999996,(n-1) times minimum interstation distance,True,100000,9185,9135,50,42,30424.73029949318,7,29699.99999999999,fireworks,q4_triangle,True,30424.73029949318,44,0.006130707974079996,31,0.012366958020720631
29700.0,(n-1) times minimum interstation distance,True,100000,5252,5220,32,27,30424.73029949318,4,29699.99999999999,fireworks,q4_triangle,True,30424.73029949318,45,0.006407084001693875,31,0.009736542007885873
29700.0,(n-1) times minimum interstation distance,True,100000,7438,7395,43,36,30424.73029949318,6,29699.99999999999,fireworks,q4_triangle,True,30424.73029949318,46,0.006264250027015805,31,0.011023250001017004
29699.999999999996,(n-1) times minimum interstation distance,True,100000,3054,3045,9,4,30424.73029949318,4,29699.99999999999,iterated_search,q4_triangle,True,30424.73029949318,42,0.00617245800094679,31,0.00804720795713365
29700.0,(n-1) times minimum interstation distance,True,100000,2180,2175,5,2,30424.73029949318,2,29699.99999999999,iterated_search,q4_triangle,True,30424.73029949318,43,0.006181791017297655,31,0.007453583006281406
29700.0,(n-1) times minimum interstation distance,True,100000,4794,4785,9,4,30424.73029949318,4,29699.99999999999,iterated_search,q4_triangle,True,30424.73029949318,44,0.006123374972958118,31,0.00883158401120454
29700.0,(n-1) times minimum interstation distance,True,100000,9154,9135,19,9,30424.73029949318,9,29699.99999999999,iterated_search,q4_triangle,True,30424.73029949318,45,0.0060432919999584556,31,0.010900957975536585
29700.0,(n-1) times minimum interstation distance,True,100000,6538,6525,13,6,30424.73029949318,6,29699.99999999999,iterated_search,q4_triangle,True,30424.73029949318,46,0.006289166980423033,31,0.009843874955549836
