all_clear_rate,all_cleared,errors,max_commands,max_wall_s,mean_clear_calls,mean_commands,mean_cpu_s,mean_measurements,mean_move_m,mean_per_source_s,mean_stations,mean_switches,mean_total_s,mean_wall_s,method,n,p95_total_s,p95_wall_s,pooled_per_source_s,role,split,stop_at_16,stop_full_coverage,sum_cpu_s,task,worst_case_id,worst_per_source_s,worst_total_s
1.0,75,0,313,0.31827366701327264,12.6,248.64,0.17529311999999908,234.04,40648.08225100367,786.2082191652714,17.666666666666668,212.72,9575.536449973333,0.176180261161644,greedy,75,11113.0307239,0.2495290919963736,759.9632103153439,,ordinary,15,60,13.14698399999993,q3_active,edge__smooth__53,985.8796554,11211.31815
1.0,93,0,313,0.31827366701327264,12.67741935483871,243.3548387096774,0.17802711827956882,228.67741935483872,39932.86584341124,773.1555137875844,17.27956989247312,207.51612903225808,9400.863491053764,0.17965436744333435,greedy,93,10653.744585999995,0.2722865000250749,741.5439394978795,,all_comparison,24,69,16.5565219999999,q3_active,edge__smooth__53,985.8796554,11211.31815
1.0,75,0,315,0.3031795830465853,12.6,244.25333333333333,0.1715682399999983,229.65333333333334,41142.827319070944,787.7421272099544,18.2,208.25333333333333,9648.085463613332,0.17277710050654907,insertion_greedy,75,10932.0373055,0.2584150374110322,765.7210685407407,,ordinary,15,60,12.867617999999872,q3_active,edge__iid__53,958.148234,11430.894732
1.0,93,0,315,0.3031795830465853,12.67741935483871,238.20430107526883,0.17395197849462246,223.5268817204301,39900.926868717965,768.466747795528,17.483870967741936,202.5268817204301,9363.73376068817,0.17511113436632258,insertion_greedy,93,10823.711069599998,0.26599864999297995,738.615131250212,,all_comparison,24,69,16.177533999999888,q3_active,edge__iid__53,973.0070603,11430.894732
1.0,75,0,313,0.2707477500080131,12.6,248.64,0.17408821333333463,234.04,40648.08225100367,786.2082191652714,17.666666666666668,212.72,9575.536449973333,0.17479893000020336,two_opt,75,11113.0307239,0.2494048337859567,759.9632103153439,,ordinary,15,60,13.056616000000098,q3_active,edge__smooth__53,985.8796554,11211.31815
1.0,93,0,313,0.2772529170033522,12.67741935483871,243.3548387096774,0.17609723655914047,228.67741935483872,39932.86584341124,773.1555137875844,17.27956989247312,207.51612903225808,9400.863491053764,0.17695737365503064,two_opt,93,10653.744585999995,0.260377891617827,741.5439394978795,,all_comparison,24,69,16.377043000000064,q3_active,edge__smooth__53,985.8796554,11211.31815
1.0,75,0,313,0.26834079099353403,12.6,248.64,0.17467160000000084,234.04,40648.08225100367,786.2082191652714,17.666666666666668,212.72,9575.536449973333,0.17548952103747675,genetic,75,11113.0307239,0.2523773250693921,759.9632103153439,,ordinary,15,60,13.100370000000064,q3_active,edge__smooth__53,985.8796554,11211.31815
1.0,93,0,313,0.2842863330151886,12.67741935483871,243.3548387096774,0.17653740860215156,228.67741935483872,39932.86584341124,773.1555137875844,17.27956989247312,207.51612903225808,9400.863491053764,0.17738490403937776,genetic,93,10653.744585999995,0.25500365819316356,741.5439394978795,,all_comparison,24,69,16.417979000000095,q3_active,edge__smooth__53,985.8796554,11211.31815
1.0,75,0,313,0.2704145419993438,12.6,248.64,0.1745024399999986,234.04,40648.08225100367,786.2082191652714,17.666666666666668,212.72,9575.536449973333,0.1753668099998807,immune,75,11113.0307239,0.25088380791130477,759.9632103153439,,ordinary,15,60,13.087682999999895,q3_active,edge__smooth__53,985.8796554,11211.31815
1.0,93,0,313,0.29404545802390203,12.67741935483871,243.3548387096774,0.17663568817204195,228.67741935483872,39932.86584341124,773.1555137875844,17.27956989247312,207.51612903225808,9400.863491053764,0.1776483987003655,immune,93,10653.744585999995,0.2558583836071193,741.5439394978795,,all_comparison,24,69,16.4271189999999,q3_active,edge__smooth__53,985.8796554,11211.31815
1.0,75,0,313,0.2851084999856539,12.6,248.64,0.17415577333333315,234.04,40648.08225100367,786.2082191652714,17.666666666666668,212.72,9575.536449973333,0.1749962133433049,ant_colony,75,11113.0307239,0.2484793206094764,759.9632103153439,,ordinary,15,60,13.061682999999986,q3_active,edge__smooth__53,985.8796554,11211.31815
1.0,93,0,313,0.2851084999856539,12.67741935483871,243.3548387096774,0.1761031720430112,228.67741935483872,39932.86584341124,773.1555137875844,17.27956989247312,207.51612903225808,9400.863491053764,0.17729287544861236,ant_colony,93,10653.744585999995,0.2603291582199745,741.5439394978795,,all_comparison,24,69,16.377595000000042,q3_active,edge__smooth__53,985.8796554,11211.31815
1.0,75,0,313,0.271191917010583,12.6,248.64,0.17410427999999978,234.04,40648.08225100367,786.2082191652714,17.666666666666668,212.72,9575.536449973333,0.17499782881621892,particle_swarm,75,11113.0307239,0.2498256667982787,759.9632103153439,,ordinary,15,60,13.057820999999983,q3_active,edge__smooth__53,985.8796554,11211.31815
1.0,93,0,313,0.28553975000977516,12.67741935483871,243.3548387096774,0.17615631182795644,228.67741935483872,39932.86584341124,773.1555137875844,17.27956989247312,207.51612903225808,9400.863491053764,0.17708517869080728,particle_swarm,93,10653.744585999995,0.25608120800461615,741.5439394978795,,all_comparison,24,69,16.38253699999995,q3_active,edge__smooth__53,985.8796554,11211.31815
1.0,75,0,313,0.2710979160037823,12.6,248.64,0.17454037333333286,234.04,40648.08225100367,786.2082191652714,17.666666666666668,212.72,9575.536449973333,0.1754753227586237,fireworks,75,11113.0307239,0.25452568306936885,759.9632103153439,,ordinary,15,60,13.090527999999964,q3_active,edge__smooth__53,985.8796554,11211.31815
1.0,93,0,313,0.27923366700997576,12.67741935483871,243.3548387096774,0.17655224731182734,228.67741935483872,39932.86584341124,773.1555137875844,17.27956989247312,207.51612903225808,9400.863491053764,0.17752562859033044,fireworks,93,10653.744585999995,0.2576778588001616,741.5439394978795,,all_comparison,24,69,16.419358999999943,q3_active,edge__smooth__53,985.8796554,11211.31815
1.0,75,0,313,0.2930957500357181,12.6,248.64,0.17438794666666582,234.04,40648.08225100367,786.2082191652714,17.666666666666668,212.72,9575.536449973333,0.17518105998712902,iterated_search,75,11113.0307239,0.2529476169438567,759.9632103153439,,ordinary,15,60,13.079095999999936,q3_active,edge__smooth__53,985.8796554,11211.31815
1.0,93,0,313,0.32019608397968113,12.67741935483871,243.3548387096774,0.1767540752688163,228.67741935483872,39932.86584341124,773.1555137875844,17.27956989247312,207.51612903225808,9400.863491053764,0.17778582574163754,iterated_search,93,10653.744585999995,0.2585763835930265,741.5439394978795,,all_comparison,24,69,16.43812899999992,q3_active,edge__smooth__53,985.8796554,11211.31815
1.0,75,0,321,0.25585533399134874,12.6,223.61333333333334,0.1731074400000007,209.01333333333332,37314.729295676596,732.2804157808564,16.546666666666667,188.82666666666665,8759.839192399999,0.17386024778708817,adaptive_greedy,75,11083.7275802,0.24350519630825146,695.2253327301586,,ordinary,15,60,12.983058000000053,q3_active,edge__iid__53,1008.964036909091,11344.536863
1.0,93,0,321,0.28183675004402176,12.67741935483871,219.25806451612902,0.1752221182795702,204.58064516129033,36633.517093589646,721.301035698809,16.021505376344088,184.79569892473117,8597.78944015054,0.1760608727526751,adaptive_greedy,93,11038.1460794,0.2491217330214567,678.1971314113657,,all_comparison,24,69,16.29565700000003,q3_active,edge__iid__53,1008.964036909091,11344.536863
1.0,75,0,313,0.25320770801045,12.6,222.90666666666667,0.1736814666666667,208.30666666666667,36150.024903688354,711.9411625590419,16.56,188.2,8522.738313986665,0.17439328658549735,adaptive_two_opt,75,10473.8608453,0.24474797080620192,676.4078026973544,,ordinary,15,60,13.026110000000003,q3_active,edge__adversarial-spatial__53,959.025245,10678.48563
1.0,93,0,313,0.27875895804027095,12.67741935483871,219.23655913978496,0.17612041935483824,204.55913978494624,35741.37063883125,704.4480157855177,16.13978494623656,184.7311827956989,8419.188106182795,0.17692681221586842,adaptive_two_opt,93,10405.140382,0.2523813334177248,664.1089854749788,,all_comparison,21,72,16.379198999999957,q3_active,edge__adversarial-spatial__53,970.1127899999999,10678.48563
1.0,18,0,301,0.286640208971221,13.0,221.33333333333334,0.18941877777777608,206.33333333333334,36952.79747844272,718.7692413805556,15.666666666666666,185.83333333333334,8673.059495555557,0.19412981028371076,greedy,18,9803.142318350001,0.27999993757985064,667.1584227350429,,stress,9,9,3.4095379999999693,q3_active,unknown_count_late__n10__negative,985.6535705,9856.535705
1.0,18,0,310,0.2772746250266209,13.0,213.0,0.1838842222222231,198.0,34726.3416589139,688.1526669020833,14.5,178.66666666666666,8178.934998499999,0.1848362754487122,insertion_greedy,18,9728.0689431,0.27580731248599477,629.1488460384614,,stress,9,9,3.3099160000000154,q3_active,unknown_count_late__n10__negative,973.0070603,9730.070603
1.0,18,0,301,0.2772529170033522,13.0,221.33333333333334,0.18446816666666482,206.33333333333334,36952.79747844272,718.7692413805556,15.666666666666666,185.83333333333334,8673.059495555557,0.1859508888834777,two_opt,18,9803.142318350001,0.27312088938779194,667.1584227350429,,stress,9,9,3.3204269999999667,q3_active,unknown_count_late__n10__negative,985.6535705,9856.535705
1.0,18,0,301,0.2842863330151886,13.0,221.33333333333334,0.18431161111111294,206.33333333333334,36952.79747844272,718.7692413805556,15.666666666666666,185.83333333333334,8673.059495555557,0.1852823332139653,genetic,18,9803.142318350001,0.2750137892377097,667.1584227350429,,stress,9,9,3.317609000000033,q3_active,unknown_count_late__n10__negative,985.6535705,9856.535705
1.0,18,0,301,0.29404545802390203,13.0,221.33333333333334,0.18552422222222256,206.33333333333334,36952.79747844272,718.7692413805556,15.666666666666666,185.83333333333334,8673.059495555557,0.18715501828571884,immune,18,9803.142318350001,0.2824844660644885,667.1584227350429,,stress,9,9,3.3394360000000063,q3_active,unknown_count_late__n10__negative,985.6535705,9856.535705
1.0,18,0,301,0.27822512498823926,13.0,221.33333333333334,0.18421733333333634,206.33333333333334,36952.79747844272,718.7692413805556,15.666666666666666,185.83333333333334,8673.059495555557,0.18686230088739345,ant_colony,18,9803.142318350001,0.2759325687220553,667.1584227350429,,stress,9,9,3.315912000000054,q3_active,unknown_count_late__n10__negative,985.6535705,9856.535705
1.0,18,0,301,0.28553975000977516,13.0,221.33333333333334,0.1847064444444426,206.33333333333334,36952.79747844272,718.7692413805556,15.666666666666666,185.83333333333334,8673.059495555557,0.1857824698349254,particle_swarm,18,9803.142318350001,0.276068447358557,667.1584227350429,,stress,9,9,3.3247159999999667,q3_active,unknown_count_late__n10__negative,985.6535705,9856.535705
1.0,18,0,301,0.27923366700997576,13.0,221.33333333333334,0.18493505555555442,206.33333333333334,36952.79747844272,718.7692413805556,15.666666666666666,185.83333333333334,8673.059495555557,0.18606856955577517,fireworks,18,9803.142318350001,0.2786818750173552,667.1584227350429,,stress,9,9,3.3288309999999797,q3_active,unknown_count_late__n10__negative,985.6535705,9856.535705
1.0,18,0,301,0.32019608397968113,13.0,221.33333333333334,0.18661294444444346,206.33333333333334,36952.79747844272,718.7692413805556,15.666666666666666,185.83333333333334,8673.059495555557,0.18863901638542302,iterated_search,18,9803.142318350001,0.28678945451683824,667.1584227350429,,stress,9,9,3.3590329999999824,q3_active,unknown_count_late__n10__negative,985.6535705,9856.535705
1.0,18,0,302,0.28183675004402176,13.0,201.11111111111111,0.18403327777777653,186.11111111111111,33795.132918227384,675.5536186902777,13.833333333333334,168.0,7922.582139111109,0.18523014344262062,adaptive_greedy,18,9921.99690665,0.2761430249811383,609.4293953162392,,stress,9,9,3.3125989999999774,q3_active,near_collinear_min__n10__negative,1004.5376438999999,10045.376439
1.0,18,0,309,0.27875895804027095,13.0,203.94444444444446,0.1862827222222197,188.94444444444446,34038.64453525998,673.2265708958333,14.38888888888889,170.27777777777777,7987.728906999999,0.18748316900908119,adaptive_two_opt,18,9894.938378249999,0.27811249729420523,614.4406851538461,,stress,6,12,3.3530889999999545,q3_active,boundary_outward_min__n16__positive,970.1127899999999,9913.506964
1.0,75,0,701,0.6771226250566542,97.34666666666666,446.6,0.413757853333337,347.25333333333333,47393.75333685146,973.9160244028049,29.0,312.6,11844.857335186667,0.41866063218719013,greedy,75,13580.2710077,0.6039246623055078,940.0680424751323,,ordinary,15,60,31.031839000000275,q4_active,clustered__smooth__55,1404.1788409,14041.788409
1.0,93,0,915,0.7516022500349209,124.16129032258064,480.7204301075269,0.4078034408602164,354.55913978494624,48068.62539244187,992.709958829144,28.967741935483872,321.1720430107527,12105.531529129032,0.415769194410513,greedy,93,13975.939059999999,0.6042812164057977,954.8892554783715,,all_comparison,24,69,37.925720000000126,q4_active,boundary_outward_min__n10__negative,1555.645,15556.45
1.0,75,0,673,1.1068562499713153,90.36,479.06666666666666,0.42591772000000144,386.70666666666665,46056.60202555819,963.3874878943991,29.933333333333334,351.05333333333334,11792.187072613331,0.4331988733719724,insertion_greedy,75,12816.9209505,0.6500418999930844,935.8878629058199,,ordinary,15,60,31.943829000000107,q4_active,uniform__adversarial-spatial__56,1280.6324772,13018.441856
1.0,93,0,788,1.1068562499713153,108.19354838709677,497.741935483871,0.41667101075269003,387.5483870967742,45702.98112461942,962.6343590991119,29.462365591397848,353.6559139784946,11781.929559010752,0.4237148150099411,insertion_greedy,93,12908.8908644,0.6444542751996778,929.3634003290924,,all_comparison,24,69,38.750404000000174,q4_active,near_collinear_min__n16__negative,1292.162513,14497.757715
1.0,75,0,746,0.7372562080272473,83.17333333333333,454.41333333333336,0.43269970666666796,369.24,45301.520844836305,944.3174536826307,29.333333333333332,333.3333333333333,11514.557503760001,0.43737317610764875,two_opt,75,12875.6592055,0.605986962490715,913.8537701396826,,ordinary,15,60,32.4524780000001,q4_active,clustered__smooth__55,1399.178339,13991.78339
1.0,93,0,906,0.7372562080272473,112.83870967741936,484.247311827957,0.42103651612903503,369.40860215053766,45392.77617355493,951.9858250130087,28.817204301075268,335.40860215053766,11624.877814290325,0.42567098790576924,two_opt,93,13573.1333542,0.5799700495903377,916.9750947659035,,all_comparison,24,69,39.15639600000026,q4_active,near_collinear_min__n16__spatial,1423.4646034,15332.819974
1.0,75,0,603,0.7783685839967802,79.08,424.93333333333334,0.42823106666666677,343.85333333333335,44636.35549489323,917.1852004265065,29.933333333333334,306.8666666666667,11215.84443732,0.4339764510793611,genetic,75,12341.4036822,0.6658400249143597,890.1463839142857,,ordinary,15,60,32.11733000000001,q4_active,clustered__adversarial-negative__53,1239.9431906,12505.930855
1.0,93,0,922,0.7783685839967802,111.84946236559139,464.3333333333333,0.41820526881720677,350.48387096774195,45170.30184330368,935.1010454389838,29.623655913978496,315.1505376344086,11462.533489043011,0.42360186107551817,genetic,93,13439.5062002,0.6584465252119116,904.1693082960136,,all_comparison,24,69,38.89309000000023,q4_active,boundary_outward_min__n10__negative,1480.4000731,14804.000731
1.0,75,0,600,1.1301535840029828,62.10666666666667,423.02666666666664,0.4446331733333329,358.92,44552.31791462426,923.4351653538868,29.533333333333335,322.38666666666666,11238.970249746666,0.4532282967042799,immune,75,12389.014818299998,0.6617455285857431,891.98176585291,,ordinary,15,60,33.34748799999997,q4_active,uniform__adversarial-negative__55,1285.1220337999998,12851.220338
1.0,93,0,984,1.1301535840029828,102.88172043010752,470.81720430107526,0.4327165913978484,365.93548387096774,45274.57305476511,944.5414567152312,29.333333333333332,330.97849462365593,11549.570522860216,0.44061642610568114,immune,93,13835.882184999999,0.6338117413804863,911.0348249584395,,all_comparison,24,69,40.2426429999999,q4_active,near_collinear_min__n16__negative,1459.6549251000001,15569.083294
1.0,75,0,631,0.8871382920187898,86.29333333333334,470.1066666666667,0.419588973333332,381.81333333333333,46172.67785014623,961.1611306693425,30.066666666666666,346.37333333333333,11774.055570813334,0.42880503662163394,ant_colony,75,12854.1319744,0.7132524248154368,934.4488548264551,,ordinary,15,60,31.4691729999999,q4_active,uniform__adversarial-spatial__56,1236.8777956,12981.478185
1.0,93,0,790,0.8871382920187898,104.91397849462365,490.64516129032256,0.4098939247311798,383.73118279569894,46007.45814232318,964.0834631176153,29.666666666666668,350.01075268817203,11810.25507007527,0.4182226751462847,ant_colony,93,12938.183957199999,0.7062280249781906,931.5977281738762,,all_comparison,24,69,38.12013499999972,q4_active,near_collinear_min__n16__negative,1335.7594001,14925.537874
1.0,75,0,607,1.0565381250344217,59.54666666666667,429.4,0.4700771333333334,367.85333333333335,44429.02476345262,921.6675563062004,30.0,329.12,11258.031619026666,0.48089241670367,particle_swarm,75,12158.3213339,0.7099811418971512,893.4945729386243,,ordinary,15,60,35.255785,q4_active,clustered__adversarial-negative__53,1209.7311318,12697.010804
1.0,93,0,924,1.0565381250344217,101.26881720430107,475.59139784946234,0.45095824731182865,372.3225806451613,45573.35801259989,950.1076439683068,30.0,335.48387096774195,11640.929665182795,0.46217670252481574,particle_swarm,93,14502.1918692,0.7104190501966513,918.2412712994062,,all_comparison,24,69,41.93911700000007,q4_active,near_collinear_min__n16__spatial,1485.9256559,14995.383698
1.0,75,0,615,0.7328447499894537,74.86666666666666,394.97333333333336,0.4350975333333342,318.1066666666667,44091.808091871055,897.8235853170179,29.333333333333332,280.9866666666667,10939.681617026667,0.4410568944287176,fireworks,75,12075.339535899999,0.636631537694484,868.2286997640211,,ordinary,15,60,32.63231500000006,q4_active,edge__adversarial-negative__55,1241.3133989,12413.133989
1.0,93,0,776,1.0139298750436865,99.20430107526882,431.36559139784947,0.42294335483870904,330.16129032258067,44605.21541383932,915.1484463008211,29.365591397849464,294.7956989247312,11189.612975892473,0.43290953178794916,fireworks,93,12894.487284999997,0.637343008595053,882.6412271060219,,all_comparison,24,69,39.33373199999994,q4_active,near_collinear_min__n16__negative,1309.5884116,14154.677447
1.0,75,0,612,0.7139115839963779,76.49333333333334,427.37333333333333,0.43951974666666654,348.88,44105.65443096676,910.8213666229528,29.733333333333334,311.38666666666666,11131.59755484,0.4493163466368181,iterated_search,75,12586.565561799998,0.6193965287180617,883.4601234,,ordinary,15,60,32.96398099999999,q4_active,clustered__adversarial-spatial__53,1250.6701834,12810.62902
1.0,93,0,823,0.7139115839963779,104.3010752688172,458.6236559139785,0.4290512043010712,352.3225806451613,44137.13150677755,919.238530380876,29.13978494623656,316.97849462365593,11244.275764301075,0.4382461205147387,iterated_search,93,12779.2470082,0.6217870246153323,886.953050110263,,all_comparison,24,69,39.90176199999962,q4_active,boundary_outward_min__n10__negative,1316.6516725,13166.516725
1.0,75,0,626,0.7263006669818424,82.32,397.6,0.4080279733333365,313.28,43652.34578331439,895.7352668801769,28.76,278.7733333333333,10847.802489880001,0.41611034170569233,adaptive_greedy,75,12457.8251363,0.6116434499854222,860.9367055460318,,ordinary,15,60,30.60209800000024,q4_active,edge__iid__53,1264.7090804,12905.853878
1.0,93,0,922,0.7263006669818424,118.21505376344086,440.0860215053763,0.39916522580645525,319.8709677419355,44633.51430462479,922.5219511530994,28.344086021505376,286.98924731182797,11193.046944731183,0.4065182074717927,adaptive_greedy,93,14688.504304999997,0.5917017497937193,882.9120999660729,,all_comparison,24,69,37.12236600000034,q4_active,boundary_outward_min__n10__negative,1581.5655177,15815.655177
1.0,75,0,612,0.6094694169587456,84.85333333333334,418.3333333333333,0.40727677333332774,331.48,44021.441002563835,903.6991470121127,29.8,296.8,11038.248202053333,0.4113577705427694,adaptive_two_opt,75,12890.0835628,0.5494571668095886,876.0514446074075,,ordinary,15,60,30.54575799999958,q4_active,clustered__adversarial-spatial__53,1287.891304,13435.079351
1.0,93,0,937,0.6094694169587456,114.01075268817205,452.752688172043,0.4046686666666612,336.741935483871,44282.27144128435,917.4967031194454,29.161290322580644,303.89247311827955,11211.443534688171,0.409774883060656,adaptive_two_opt,93,13425.896111,0.5372726422036066,884.363230471586,,all_comparison,24,69,37.63418599999949,q4_active,boundary_outward_min__n10__negative,1480.8997726,14808.997726
1.0,18,0,915,0.7516022500349209,235.88888888888889,622.8888888888889,0.3829933888888806,385.0,50880.59229073519,1071.0180189388889,28.833333333333332,356.8888888888889,13191.67400388889,0.40372153700769153,greedy,18,14864.186159199999,0.5979391437140291,1014.7441541452991,,stress,9,9,6.893880999999851,q4_active,boundary_outward_min__n10__negative,1555.645,15556.45
1.0,18,0,788,0.541086167038884,182.5,575.5555555555555,0.3781430555555592,391.05555555555554,44229.56070404113,959.4963224520834,27.5,364.5,11739.189919,0.3841979051681442,insertion_greedy,18,14379.697190249999,0.516958845584304,903.0146091538461,,stress,9,9,6.806575000000066,q4_active,near_collinear_min__n16__negative,1292.162513,14497.757715
1.0,18,0,906,0.5495449579902925,236.44444444444446,608.5555555555555,0.3724398888888977,370.1111111111111,45773.00670988254,983.9373722229167,26.666666666666668,344.05555555555554,12084.545774833336,0.3769118703979378,two_opt,18,14954.341454899999,0.520131806176505,929.5804442179489,,stress,9,9,6.703918000000158,q4_active,near_collinear_min__n16__spatial,1423.4646034,15332.819974
1.0,18,0,922,0.5355940840090625,248.38888888888889,628.5,0.37643111111112326,378.1111111111111,47395.07829501388,1009.7503996576389,28.333333333333332,349.6666666666667,12490.404537888888,0.38037440272617257,genetic,18,14753.1737468,0.5262694063363597,960.8003490683759,,stress,9,9,6.7757600000002185,q4_active,boundary_outward_min__n10__negative,1480.4000731,14804.000731
1.0,18,0,984,0.577903791971039,272.77777777777777,669.9444444444445,0.3830641666666629,395.1666666666667,48283.96947201865,1032.4843373875,28.5,366.77777777777777,12843.7383275,0.3880669652781863,immune,18,14838.42096245,0.5461332348786527,987.9798713461538,,stress,9,9,6.8951549999999315,q4_active,near_collinear_min__n16__negative,1459.6549251000001,15569.083294
1.0,18,0,790,0.5418969580205157,182.5,576.2222222222222,0.369497888888879,391.72222222222223,45319.04269306041,976.2598483187501,28.0,365.1666666666667,11961.086317000001,0.37412950233232956,ant_colony,18,14801.072926499999,0.5152848392142914,920.0835628461539,,stress,9,9,6.650961999999822,q4_active,near_collinear_min__n16__negative,1335.7594001,14925.537874
1.0,18,0,924,0.7541052920278162,275.1111111111111,668.0555555555555,0.3712962222222258,390.94444444444446,50341.41321738017,1068.6080092270834,30.0,362.0,13236.338190833332,0.3841945601129232,particle_swarm,18,14879.675629849999,0.5435503750486529,1018.1798608333334,,stress,9,9,6.683332000000064,q4_active,near_collinear_min__n16__spatial,1485.9256559,14995.383698
1.0,18,0,776,1.0139298750436865,200.61111111111111,583.0,0.3723009444444377,380.3888888888889,46744.4125887071,987.3353670666667,29.5,352.3333333333333,12230.993637833333,0.39896218745141393,fireworks,18,14125.418860049998,0.6128493000054726,940.845664448718,,stress,9,9,6.7014169999998785,q4_active,near_collinear_min__n16__negative,1309.5884116,14154.677447
1.0,18,0,823,0.6816963329911232,220.16666666666666,588.8333333333334,0.3854322777777573,366.6666666666667,44268.285989322525,954.3100460388889,26.666666666666668,340.27777777777777,11713.768303722223,0.3921201783394079,iterated_search,18,13131.48303745,0.5838705419097094,901.0591002863248,,stress,9,9,6.937780999999632,q4_active,boundary_outward_min__n10__negative,1316.6516725,13166.516725
1.0,18,0,922,0.5549199580564164,267.77777777777777,617.1111111111111,0.3622371111111167,347.3333333333333,48721.716476751455,1034.1331356236112,26.61111111111111,321.22222222222223,12631.565506611112,0.366550981497211,adaptive_greedy,18,15572.92236595,0.5257279481418663,971.6588851239317,,stress,9,9,6.520268000000101,q4_active,boundary_outward_min__n10__negative,1581.5655177,15815.655177
1.0,18,0,937,0.5265002079540864,235.5,596.1666666666666,0.39380155555555046,358.6666666666667,45369.06493595312,974.9865202333335,26.5,333.44444444444446,11933.090753999999,0.4031795185518503,adaptive_two_opt,18,14168.122212799999,0.5188014400773682,917.9300579999999,,stress,9,9,7.088427999999908,q4_active,boundary_outward_min__n10__negative,1480.8997726,14808.997726
1.0,75,0,787,0.12520958302775398,12.746666666666666,641.8933333333333,0.060941973333333406,627.1466666666666,39653.78590068943,963.3149588525428,43.733333333333334,584.3866666666667,11714.317180586668,0.06156060159749662,greedy,75,12476.456569599999,0.0739350919087883,929.7077127449737,,ordinary,5,70,4.570648000000006,q4_conservative,clustered__adversarial-spatial__55,1286.9120127,12869.120127
1.0,93,0,787,0.12520958302775398,12.795698924731182,643.763440860215,0.06314754838709871,628.9677419354839,39663.736446099756,962.2971283008408,43.946236559139784,585.8602150537635,11727.18814992473,0.0639846012132713,greedy,93,12475.4212132,0.08997527458705004,925.0453756938083,,all_comparison,8,85,5.872722000000181,q4_conservative,clustered__adversarial-spatial__55,1286.9120127,12869.120127
1.0,75,0,727,0.11734654102474451,12.76,575.2666666666667,0.05647074666667474,560.5066666666667,43305.25131692598,985.8722611536436,44.72,516.7866666666666,12043.850265786667,0.05754945551743731,insertion_greedy,75,12899.912783599999,0.071984450094169,955.861132205291,,ordinary,7,68,4.235306000000605,q4_conservative,uniform__smooth__53,1294.4525156,12960.45015
1.0,93,0,727,0.11734654102474451,12.806451612903226,587.1827956989247,0.05965475268818111,572.3763440860215,42971.75134679054,985.2096523747126,44.473118279569896,528.989247311828,12048.995433086024,0.06087377419199554,insertion_greedy,93,12875.0634566,0.0978526500286533,950.4296652052589,,all_comparison,13,80,5.547892000000843,q4_conservative,uniform__smooth__53,1294.4525156,12960.45015
1.0,75,0,787,0.08593987498898059,12.746666666666666,643.8933333333333,0.06010548000000957,629.1466666666666,38888.784613608346,951.4539558590196,43.733333333333334,586.3466666666667,11573.276923399999,0.060633876130450515,two_opt,75,12398.8239063,0.07196966706542297,918.5140415396825,,ordinary,5,70,4.507911000000718,q4_conservative,clustered__adversarial-spatial__55,1278.7110026,12787.110026
1.0,93,0,787,0.11449408298358321,12.795698924731182,645.0215053763441,0.06241307526882518,630.2258064516129,39001.681720273744,951.8753301395319,43.946236559139784,587.0860215053764,11602.293333935484,0.06349233334122967,two_opt,93,12347.095150199999,0.0877987749991007,915.1936217608143,,all_comparison,8,85,5.804416000000742,q4_conservative,clustered__adversarial-spatial__55,1278.7110026,12787.110026
1.0,75,0,787,0.08069170900853351,12.746666666666666,643.8933333333333,0.06015561333333153,629.1466666666666,38888.784613608346,951.4539558590196,43.733333333333334,586.3466666666667,11573.276923399999,0.06053765947852904,genetic,75,12398.8239063,0.07225644208374433,918.5140415396825,,ordinary,5,70,4.511670999999865,q4_conservative,clustered__adversarial-spatial__55,1278.7110026,12787.110026
1.0,93,0,787,0.13263629196444526,12.795698924731182,645.0215053763441,0.062432795698922045,630.2258064516129,39001.681720273744,951.8753301395319,43.946236559139784,587.0860215053764,11602.293333935484,0.06337277333174522,genetic,93,12347.095150199999,0.08800198321696369,915.1936217608143,,all_comparison,8,85,5.80624999999975,q4_conservative,clustered__adversarial-spatial__55,1278.7110026,12787.110026
1.0,75,0,787,0.07804812502581626,12.746666666666666,643.8933333333333,0.060071253333321695,629.1466666666666,38888.784613608346,951.4539558590196,43.733333333333334,586.3466666666667,11573.276923399999,0.06044220275944099,immune,75,12398.8239063,0.07078356681158765,918.5140415396825,,ordinary,5,70,4.505343999999127,q4_conservative,clustered__adversarial-spatial__55,1278.7110026,12787.110026
1.0,93,0,787,0.10231416701572016,12.795698924731182,645.0215053763441,0.062140634408595075,630.2258064516129,39001.681720273744,951.8753301395319,43.946236559139784,587.0860215053764,11602.293333935484,0.06267052682952814,immune,93,12347.095150199999,0.08448196602985263,915.1936217608143,,all_comparison,8,85,5.779078999999342,q4_conservative,clustered__adversarial-spatial__55,1278.7110026,12787.110026
1.0,75,0,787,0.13664674997562543,12.746666666666666,643.8933333333333,0.06011954666666952,629.1466666666666,38888.784613608346,951.4539558590196,43.733333333333334,586.3466666666667,11573.276923399999,0.06117538393475115,ant_colony,75,12398.8239063,0.07082776257302612,918.5140415396825,,ordinary,5,70,4.508966000000214,q4_conservative,clustered__adversarial-spatial__55,1278.7110026,12787.110026
1.0,93,0,787,0.13664674997562543,12.795698924731182,645.0215053763441,0.062302225806455856,630.2258064516129,39001.681720273744,951.8753301395319,43.946236559139784,587.0860215053764,11602.293333935484,0.06349908246380848,ant_colony,93,12347.095150199999,0.09060570002766324,915.1936217608143,,all_comparison,8,85,5.794107000000395,q4_conservative,clustered__adversarial-spatial__55,1278.7110026,12787.110026
1.0,75,0,787,0.18313099996885285,12.746666666666666,643.8933333333333,0.060495213333332076,629.1466666666666,38888.784613608346,951.4539558590196,43.733333333333334,586.3466666666667,11573.276923399999,0.061922870507308596,particle_swarm,75,12398.8239063,0.07238211667281576,918.5140415396825,,ordinary,5,70,4.537140999999906,q4_conservative,clustered__adversarial-spatial__55,1278.7110026,12787.110026
1.0,93,0,787,0.18313099996885285,12.795698924731182,645.0215053763441,0.0625223333333344,630.2258064516129,39001.681720273744,951.8753301395319,43.946236559139784,587.0860215053764,11602.293333935484,0.06394483867634629,particle_swarm,93,12347.095150199999,0.08996907500550146,915.1936217608143,,all_comparison,8,85,5.814577000000099,q4_conservative,clustered__adversarial-spatial__55,1278.7110026,12787.110026
1.0,75,0,787,0.1447024999652058,12.746666666666666,643.8933333333333,0.060322693333341705,629.1466666666666,38888.784613608346,951.4539558590196,43.733333333333334,586.3466666666667,11573.276923399999,0.06139675610465929,fireworks,75,12398.8239063,0.07298666688147933,918.5140415396825,,ordinary,5,70,4.524202000000628,q4_conservative,clustered__adversarial-spatial__55,1278.7110026,12787.110026
1.0,93,0,787,0.1447024999652058,12.795698924731182,645.0215053763441,0.06259136559140555,630.2258064516129,39001.681720273744,951.8753301395319,43.946236559139784,587.0860215053764,11602.293333935484,0.06378467653637691,fireworks,93,12347.095150199999,0.09047978341113767,915.1936217608143,,all_comparison,8,85,5.820997000000716,q4_conservative,clustered__adversarial-spatial__55,1278.7110026,12787.110026
1.0,75,0,787,0.09682962502120063,12.746666666666666,643.8933333333333,0.06025798666666712,629.1466666666666,38888.784613608346,951.4539558590196,43.733333333333334,586.3466666666667,11573.276923399999,0.06076190891908482,iterated_search,75,12398.8239063,0.07304147953400388,918.5140415396825,,ordinary,5,70,4.519349000000034,q4_conservative,clustered__adversarial-spatial__55,1278.7110026,12787.110026
1.0,93,0,787,0.11212108400650322,12.795698924731182,645.0215053763441,0.06281768817204163,630.2258064516129,39001.681720273744,951.8753301395319,43.946236559139784,587.0860215053764,11602.293333935484,0.06352645165652478,iterated_search,93,12347.095150199999,0.09226702522719273,915.1936217608143,,all_comparison,8,85,5.842044999999871,q4_conservative,clustered__adversarial-spatial__55,1278.7110026,12787.110026
1.0,75,0,768,0.2092646249802783,12.76,601.44,0.06146311999999095,586.68,38112.118360664936,922.1219883837733,43.266666666666666,544.3466666666667,11163.650339226666,0.06302744219079613,adaptive_greedy,75,12545.8214473,0.0706887876149267,886.0039951767195,,ordinary,10,65,4.609733999999321,q4_conservative,edge__adversarial-spatial__54,1233.1409224000001,13457.33984
1.0,93,0,768,0.2092646249802783,12.806451612903226,597.236559139785,0.06311024731181772,582.4301075268817,38128.28297950533,918.5419072896022,43.38709677419355,539.9354838709677,11141.516811322579,0.064646514323515,adaptive_greedy,93,12555.8451924,0.08267767537618055,878.847382063613,,all_comparison,17,76,5.869252999999048,q4_conservative,edge__adversarial-spatial__54,1233.1409224000001,13457.33984
1.0,75,0,784,0.19720004097325727,12.76,600.6933333333334,0.07898593333332732,585.9333333333333,37344.856338817735,908.2065992564038,43.64,543.3333333333334,11005.451268306666,0.0804482321984445,adaptive_two_opt,75,12403.3290624,0.09141873749322257,873.4485133576719,,ordinary,10,65,5.923944999999549,q4_conservative,edge__adversarial-spatial__54,1215.219455,12921.615934
1.0,93,0,784,0.22271416598232463,12.806451612903226,595.5806451612904,0.08055822580644861,580.7741935483871,37414.54061822949,905.6001263922614,43.623655913978496,538.1290322580645,10988.682317698924,0.08317772170994431,adaptive_two_opt,93,12408.5622062,0.10251255780458449,866.7917349838846,,all_comparison,17,76,7.491914999999722,q4_conservative,edge__adversarial-spatial__54,1215.219455,12921.615934
1.0,18,0,714,0.10807337495498359,13.0,651.5555555555555,0.07233744444445417,636.5555555555555,39705.19705197609,958.0561676687498,44.833333333333336,592.0,11780.817188833335,0.07408459961233246,greedy,18,12123.30871575,0.10170719374145845,906.2167068333334,,stress,3,15,1.3020740000001751,q4_conservative,boundary_outward_min__n16__positive,1204.5147897000002,12259.103496
1.0,18,0,703,0.11220237496308982,13.0,636.8333333333334,0.07292144444445764,621.8333333333334,41582.16813789291,982.4487824624999,43.44444444444444,579.8333333333334,12070.433630166668,0.07472510200265485,insertion_greedy,18,12781.54122615,0.11076498928014189,928.4948946282052,,stress,6,12,1.3125860000002376,q4_conservative,near_collinear_min__n16__positive,1248.2678571000001,12814.927561
1.0,18,0,720,0.11449408298358321,13.0,649.7222222222222,0.07202805555555693,634.7222222222222,39472.086331379585,953.6310563083332,44.833333333333336,590.1666666666666,11723.1950445,0.07540257171947612,two_opt,18,12103.04797675,0.11320626242086292,901.7842341923076,,stress,3,15,1.2965050000000247,q4_conservative,near_collinear_min__n10__spatial,1212.0108552,12120.108552
1.0,18,0,720,0.13263629196444526,13.0,649.7222222222222,0.07192105555554917,634.7222222222222,39472.086331379585,953.6310563083332,44.833333333333336,590.1666666666666,11723.1950445,0.07518574772014593,genetic,18,12103.04797675,0.11389230363711246,901.7842341923076,,stress,3,15,1.2945789999998851,q4_conservative,near_collinear_min__n10__spatial,1212.0108552,12120.108552
1.0,18,0,720,0.10231416701572016,13.0,649.7222222222222,0.07076305555556751,634.7222222222222,39472.086331379585,953.6310563083332,44.833333333333336,590.1666666666666,11723.1950445,0.07195521045489134,immune,18,12103.04797675,0.09854229199117981,901.7842341923076,,stress,3,15,1.2737350000002152,q4_conservative,near_collinear_min__n10__spatial,1212.0108552,12120.108552
1.0,18,0,720,0.12124262499855831,13.0,649.7222222222222,0.07139672222223226,634.7222222222222,39472.086331379585,953.6310563083332,44.833333333333336,590.1666666666666,11723.1950445,0.073181159668214,ant_colony,18,12103.04797675,0.11393513934453948,901.7842341923076,,stress,3,15,1.2851410000001806,q4_conservative,near_collinear_min__n10__spatial,1212.0108552,12120.108552
1.0,18,0,720,0.10887458396609873,13.0,649.7222222222222,0.07096866666667741,634.7222222222222,39472.086331379585,953.6310563083332,44.833333333333336,590.1666666666666,11723.1950445,0.07236970604733667,particle_swarm,18,12103.04797675,0.10442968579009175,901.7842341923076,,stress,3,15,1.2774360000001934,q4_conservative,near_collinear_min__n10__spatial,1212.0108552,12120.108552
1.0,18,0,720,0.10790508304489776,13.0,649.7222222222222,0.07204416666667157,634.7222222222222,39472.086331379585,953.6310563083332,44.833333333333336,590.1666666666666,11723.1950445,0.07373434500186704,fireworks,18,12103.04797675,0.10161430438165552,901.7842341923076,,stress,3,15,1.2967950000000883,q4_conservative,near_collinear_min__n10__spatial,1212.0108552,12120.108552
1.0,18,0,720,0.11212108400650322,13.0,649.7222222222222,0.07348311111110206,634.7222222222222,39472.086331379585,953.6310563083332,44.833333333333336,590.1666666666666,11723.1950445,0.07504537972919126,iterated_search,18,12103.04797675,0.10651349121762904,901.7842341923076,,stress,3,15,1.3226959999998371,q4_conservative,near_collinear_min__n10__spatial,1212.0108552,12120.108552
1.0,18,0,717,0.0944804169703275,13.0,579.7222222222222,0.06997327777776263,564.7222222222222,38195.63555800697,903.6249027305556,43.888888888888886,521.5555555555555,11049.29377838889,0.07139264820984358,adaptive_greedy,18,12310.449750549998,0.0932930027047405,849.9456752606839,,stress,7,11,1.2595189999997274,q4_conservative,boundary_outward_min__n16__positive,1198.8467886,13183.300281
1.0,18,0,717,0.22271416598232463,13.0,574.2777777777778,0.08710944444445406,559.2777777777778,37704.89178244519,894.7398227916667,43.55555555555556,516.4444444444445,10918.811690166669,0.09455059467452681,adaptive_two_opt,18,12259.3595197,0.12268145614361839,839.9085915512821,,stress,7,11,1.567970000000173,q4_conservative,boundary_outward_min__n16__positive,1188.6297075,12765.928901
