problem,method,category,runs,all_cleared,mean_per_source_s,max_per_source_s,max_total_s,mean_commands
3,joint7,boundary_outward,9,9,363.9653808642094,441.05974720000006,4827.676442,163.88888888888889
3,joint7,boundary_tangent,9,9,360.1016513222222,438.44177550000006,4848.942224,163.55555555555554
3,joint7,cluster_far20,9,9,212.30544615705128,291.2509517,2912.509517,100.11111111111111
3,joint7,clustered__adversarial-negative,10,10,215.36787159166292,276.3937869090909,3196.254412,143.2
3,joint7,clustered__adversarial-positive,10,10,213.96022258936273,286.8150642727273,3377.76606,144.8
3,joint7,clustered__adversarial-spatial,10,10,206.80606322000412,265.21367063636364,3101.763703,134.5
3,joint7,clustered__iid,10,10,206.2954614698755,262.79252425,3153.510291,133.1
3,joint7,clustered__smooth,10,10,205.8175882330207,272.75364918181816,3028.380029,129.5
3,joint7,edge__adversarial-negative,10,10,269.0805780940168,315.4798959090909,4064.670468,149.2
3,joint7,edge__adversarial-positive,10,10,269.24894645226607,313.1107191818182,4039.222267,147.7
3,joint7,edge__adversarial-spatial,10,10,272.42827104986844,319.9712820909091,4101.900908,152.3
3,joint7,edge__iid,10,10,270.29572393684026,318.61093090909094,4071.020474,148.0
3,joint7,edge__smooth,10,10,269.76976595951174,315.2619741818182,4025.822855,146.3
3,joint7,near_collinear,9,9,236.5016584735043,313.2709519,3132.709519,124.44444444444444
3,joint7,range_transition,9,9,259.94862904561967,311.8751598,3729.393708,163.77777777777777
3,joint7,uniform__adversarial-negative,10,10,254.30507572659135,321.3112529090909,3547.647675,150.1
3,joint7,uniform__adversarial-positive,10,10,251.54588224471695,306.2471009090909,3696.436567,150.2
3,joint7,uniform__adversarial-spatial,10,10,255.00282359922744,326.89772018181816,3744.531947,149.4
3,joint7,uniform__iid,10,10,249.37239108183152,319.0561211818182,3509.617333,141.6
3,joint7,uniform__smooth,10,10,250.03697060698806,326.2733498181818,3589.006848,145.1
3,joint9,boundary_outward,9,9,343.0358404652777,410.6263506,4781.641845,179.77777777777777
3,joint9,boundary_tangent,9,9,333.04614291613245,407.27571750000004,4640.35597,178.77777777777777
3,joint9,cluster_far20,9,9,212.6341304380342,305.6268738,3072.365899,107.22222222222223
3,joint9,clustered__adversarial-negative,10,10,225.8715653238412,301.23751263636365,3392.102156,143.2
3,joint9,clustered__adversarial-positive,10,10,232.04332466175282,290.75430863636365,3415.59598,147.0
3,joint9,clustered__adversarial-spatial,10,10,231.66327960006828,291.2361465454546,3456.703779,148.4
3,joint9,clustered__iid,10,10,229.27979945029014,287.590057,3399.870852,140.0
3,joint9,clustered__smooth,10,10,220.99442227967074,293.230204,3372.571576,138.7
3,joint9,edge__adversarial-negative,10,10,262.7480277074359,314.5758019090909,3775.134146,166.2
3,joint9,edge__adversarial-positive,10,10,264.96118958540256,313.6364911818182,3834.221472,166.7
3,joint9,edge__adversarial-spatial,10,10,268.19337165750795,316.7648271818182,3905.429759,171.9
3,joint9,edge__iid,10,10,262.21824525811434,318.50405772727277,3759.4166,163.3
3,joint9,edge__smooth,10,10,263.56613946715663,318.734127,3776.471716,163.7
3,joint9,near_collinear,9,9,260.4688083494658,350.58186489999997,3505.818649,140.0
3,joint9,range_transition,9,9,278.88852636089746,336.9127839,3875.30836,180.88888888888889
3,joint9,uniform__adversarial-negative,10,10,269.6402828693598,328.5423228181818,3882.84332,162.9
3,joint9,uniform__adversarial-positive,10,10,271.01258285614136,328.38942372727274,3911.515822,163.9
3,joint9,uniform__adversarial-spatial,10,10,266.1825495834965,331.75744163636364,3953.251757,159.7
3,joint9,uniform__iid,10,10,264.27218517792545,325.05813790909093,3682.37174,154.7
3,joint9,uniform__smooth,10,10,270.2894326615218,330.43014345454543,3874.62328,154.8
3,peer_layout9_proxy,boundary_outward,9,9,359.21448977970084,415.3720502,5111.307003,167.55555555555554
3,peer_layout9_proxy,boundary_tangent,9,9,364.2237412409188,406.5242753,5227.28506,165.33333333333334
3,peer_layout9_proxy,cluster_far20,9,9,431.0217896371795,510.0644332,5719.5792,114.33333333333333
3,peer_layout9_proxy,clustered__adversarial-negative,10,10,317.433421955703,364.88573163636363,5007.813191,130.6
3,peer_layout9_proxy,clustered__adversarial-positive,10,10,314.03435218113634,390.25532227272726,4876.497312,130.2
3,peer_layout9_proxy,clustered__adversarial-spatial,10,10,315.9880549919277,367.9624900909091,5196.494452,130.4
3,peer_layout9_proxy,clustered__iid,10,10,318.214584833196,386.66210454545455,4931.549415,130.3
3,peer_layout9_proxy,clustered__smooth,10,10,316.0063069765064,366.2815156363636,5018.714894,130.0
3,peer_layout9_proxy,edge__adversarial-negative,10,10,343.5604934814086,412.4819803636364,4959.556679,156.2
3,peer_layout9_proxy,edge__adversarial-positive,10,10,343.55189658771644,410.5641096363636,5144.972809,156.5
3,peer_layout9_proxy,edge__adversarial-spatial,10,10,346.51036858417,409.2565580909091,5139.91004,156.0
3,peer_layout9_proxy,edge__iid,10,10,342.7292409456277,410.37590400000005,5101.189186,155.3
3,peer_layout9_proxy,edge__smooth,10,10,341.9374601849646,410.53393118181816,5187.131019,155.5
3,peer_layout9_proxy,near_collinear,9,9,358.28106953888886,428.7510118,4931.872611,132.0
3,peer_layout9_proxy,range_transition,9,9,388.7459368688035,483.65655230000004,5327.662865,129.44444444444446
3,peer_layout9_proxy,uniform__adversarial-negative,10,10,367.4747610612966,414.27846458333335,5501.482406,135.0
3,peer_layout9_proxy,uniform__adversarial-positive,10,10,359.07064012539,434.8074300833334,5346.63674,134.9
3,peer_layout9_proxy,uniform__adversarial-spatial,10,10,364.86789695400387,431.9081855,5269.133054,134.9
3,peer_layout9_proxy,uniform__iid,10,10,360.7645177460868,412.36867627272727,5490.401595,134.7
3,peer_layout9_proxy,uniform__smooth,10,10,363.9258710293877,420.2737048181818,5318.166671,134.8
3,shared9,boundary_outward,9,9,342.2136182430556,408.62635059999997,4781.641845,178.22222222222223
3,shared9,boundary_tangent,9,9,338.03856844818375,403.8757175,4732.906756,175.11111111111111
3,shared9,cluster_far20,9,9,326.77099966036326,433.78269659999995,4337.826966,127.0
3,shared9,clustered__adversarial-negative,10,10,247.14479343666045,324.11728472727276,3807.906313,133.3
3,shared9,clustered__adversarial-positive,10,10,246.1877119597927,324.3080565454545,3682.750761,128.9
3,shared9,clustered__adversarial-spatial,10,10,246.45451235475352,324.2138841818182,3888.70406,134.7
3,shared9,clustered__iid,10,10,237.8465701211609,319.79663163636366,3635.173647,121.6
3,shared9,clustered__smooth,10,10,249.54273347840495,321.9726000909091,3775.22548,128.4
3,shared9,edge__adversarial-negative,10,10,286.8650201367957,356.2839767272727,4400.301188,158.4
3,shared9,edge__adversarial-positive,10,10,280.5431405357043,352.03185754545456,4251.724851,155.7
3,shared9,edge__adversarial-spatial,10,10,283.71243545597815,356.92246972727276,4240.235528,161.9
3,shared9,edge__iid,10,10,284.1826247435827,357.1231858181818,4126.743151,157.5
3,shared9,edge__smooth,10,10,283.69081351466076,356.8920003636363,4094.211201,156.0
3,shared9,near_collinear,9,9,303.96012031794874,372.4625785,4154.903639,128.0
3,shared9,range_transition,9,9,346.0375317271367,416.25242449999996,4710.556721,133.88888888888889
3,shared9,uniform__adversarial-negative,10,10,309.2245336232405,364.7277005,4546.381537,140.8
3,shared9,uniform__adversarial-positive,10,10,315.4731303640102,372.87405108333337,4781.627567,140.7
3,shared9,uniform__adversarial-spatial,10,10,314.6775073259332,371.98841792307695,4835.849433,143.8
3,shared9,uniform__iid,10,10,306.470565525005,367.69914284615385,4780.088857,136.5
3,shared9,uniform__smooth,10,10,311.3612132991796,381.25973576923076,4956.376565,136.4
4,bracket25,boundary_outward,9,9,678.1579183372863,844.3099716,9065.60911,490.8888888888889
4,bracket25,boundary_tangent,9,9,699.5675308222221,814.127714,10169.416275,425.55555555555554
4,bracket25,cluster_far20,9,9,584.5711188492521,825.8263935000001,8450.656174,307.44444444444446
4,bracket25,clustered__adversarial-negative,10,10,604.4892209944435,726.8194523333333,9167.73207,292.5
4,bracket25,clustered__adversarial-positive,10,10,604.537333669501,721.8791757272728,8737.027794,292.3
4,bracket25,clustered__adversarial-spatial,10,10,602.2813715321346,725.0369127272727,8923.671425,297.8
4,bracket25,clustered__iid,10,10,597.0113686200281,710.7942183636364,8708.374718,287.6
4,bracket25,clustered__smooth,10,10,596.0270858896163,712.1006075454545,8780.209791,288.6
4,bracket25,edge__adversarial-negative,10,10,627.7355717581672,733.5014001818182,9109.944416,316.5
4,bracket25,edge__adversarial-positive,10,10,618.6366060392536,731.4459326363636,8827.794587,310.0
4,bracket25,edge__adversarial-spatial,10,10,625.6445368441534,720.3150736363636,9009.490669,316.2
4,bracket25,edge__iid,10,10,627.1307886662146,738.9607295454545,8953.301694,314.3
4,bracket25,edge__smooth,10,10,627.5453558219989,738.7620316363636,8998.377855,317.3
4,bracket25,near_collinear,9,9,650.5827055402777,831.5248853999999,8815.738079,371.1111111111111
4,bracket25,range_transition,9,9,663.011339149893,870.8078039,8708.078039,299.22222222222223
4,bracket25,uniform__adversarial-negative,10,10,614.8099698583354,738.9915640909092,8991.13418,286.9
4,bracket25,uniform__adversarial-positive,10,10,603.6891629551594,762.3009783636363,8702.411665,284.7
4,bracket25,uniform__adversarial-spatial,10,10,605.4686480584403,734.1665387272727,8781.709687,285.5
4,bracket25,uniform__iid,10,10,602.6722491657122,734.3148243636364,8719.580462,282.5
4,bracket25,uniform__smooth,10,10,602.9926454887355,737.5529789999999,8489.564088,284.5
4,joint22,boundary_outward,9,9,713.0315254511753,830.2155132,10186.227224,467.1111111111111
4,joint22,boundary_tangent,9,9,577.2712182335468,713.4355985,7641.487401,393.1111111111111
4,joint22,cluster_far20,9,9,569.5336881944445,751.5603091,7607.017259,314.1111111111111
4,joint22,clustered__adversarial-negative,10,10,482.82660166372295,607.0925595454545,7021.736813,338.5
4,joint22,clustered__adversarial-positive,10,10,471.8957822076585,611.4519725454546,7330.23325,324.4
4,joint22,clustered__adversarial-spatial,10,10,485.3639562500933,625.8982983636364,7421.925926,349.7
4,joint22,clustered__iid,10,10,476.76144601615505,639.8677613636363,7038.545375,318.1
4,joint22,clustered__smooth,10,10,485.6302070919255,618.5692844545455,7228.174479,351.3
4,joint22,edge__adversarial-negative,10,10,512.7901007177555,654.91388,7507.61698,338.3
4,joint22,edge__adversarial-positive,10,10,508.20170823917636,651.9755134545454,7225.331697,333.8
4,joint22,edge__adversarial-spatial,10,10,513.1424727208978,660.821929,7269.041219,340.4
4,joint22,edge__iid,10,10,513.9600616841979,645.6568955454545,7252.343122,335.1
4,joint22,edge__smooth,10,10,508.8747239671012,658.8194993636363,7247.014493,330.9
4,joint22,near_collinear,9,9,634.8412101797007,814.0075496000001,8677.684393,410.22222222222223
4,joint22,range_transition,9,9,603.8796290701923,768.6476144999999,8056.301957,371.77777777777777
4,joint22,uniform__adversarial-negative,10,10,504.13795292911954,669.325646,7362.582106,331.2
4,joint22,uniform__adversarial-positive,10,10,504.4237929663491,675.8232712727272,7434.055984,333.7
4,joint22,uniform__adversarial-spatial,10,10,503.9559684354408,606.3125401818181,7144.284148,335.1
4,joint22,uniform__iid,10,10,501.846840151168,670.286506090909,7373.151567,331.8
4,joint22,uniform__smooth,10,10,505.6210399609437,673.578991,7409.368901,333.2
4,joint25,boundary_outward,9,9,646.8455160748931,811.3499678999999,9936.727383,463.77777777777777
4,joint25,boundary_tangent,9,9,598.2591605014957,739.5328238,8199.162963,424.77777777777777
4,joint25,cluster_far20,9,9,590.3942042959402,817.9729063,8179.729063,335.0
4,joint25,clustered__adversarial-negative,10,10,500.8380186655224,626.6678347272727,7110.0643,365.5
4,joint25,clustered__adversarial-positive,10,10,500.8981945855491,614.9106949166667,7378.928339,353.9
4,joint25,clustered__adversarial-spatial,10,10,507.9737987674788,633.50157425,7602.018891,382.4
4,joint25,clustered__iid,10,10,497.7370016287429,601.9958222727273,6890.203806,361.1
4,joint25,clustered__smooth,10,10,498.183386241638,624.4488426363637,7138.8566,369.8
4,joint25,edge__adversarial-negative,10,10,532.7138084476244,691.2995101818182,7604.294612,376.6
4,joint25,edge__adversarial-positive,10,10,518.4848670148906,665.0268481818182,7315.29533,381.8
4,joint25,edge__adversarial-spatial,10,10,515.1593405528017,649.3056746363636,7302.563171,372.1
4,joint25,edge__iid,10,10,525.3883269960031,671.2036017272727,7383.239619,380.2
4,joint25,edge__smooth,10,10,529.6654020344974,678.0084077272727,7458.092485,378.3
4,joint25,near_collinear,9,9,588.4046916481838,741.007081,7999.333277,413.3333333333333
4,joint25,range_transition,9,9,599.844830758547,730.0976388,8077.346248,438.55555555555554
4,joint25,uniform__adversarial-negative,10,10,518.2324789386588,639.1540783636364,7527.83997,361.8
4,joint25,uniform__adversarial-positive,10,10,512.5813573647132,660.07272,7260.79992,364.8
4,joint25,uniform__adversarial-spatial,10,10,515.0246239316878,662.5256158181818,7287.781774,363.6
4,joint25,uniform__iid,10,10,517.5309445628179,659.2551268181818,7251.806395,360.1
4,joint25,uniform__smooth,10,10,518.1454133716138,677.5763564545455,7453.339921,367.9
4,polar25_conservative,boundary_outward,9,9,1083.1647509746795,1252.2744089,15696.55359,561.7777777777778
4,polar25_conservative,boundary_tangent,9,9,877.5098442510684,987.8447941875,15805.516707,525.5555555555555
4,polar25_conservative,cluster_far20,9,9,619.4120509044872,797.9140692,7979.140692,353.3333333333333
4,polar25_conservative,clustered__adversarial-negative,10,10,601.1818804549355,775.5691029090908,8531.260132,360.3
4,polar25_conservative,clustered__adversarial-positive,10,10,597.5920998811858,776.2450162727273,8538.695179,359.3
4,polar25_conservative,clustered__adversarial-spatial,10,10,592.6577132287479,741.3654326363636,8551.151567,353.8
4,polar25_conservative,clustered__iid,10,10,591.5770510899825,739.5910311818182,8289.922349,356.6
4,polar25_conservative,clustered__smooth,10,10,606.0240298703426,805.755638909091,8863.312028,357.9
4,polar25_conservative,edge__adversarial-negative,10,10,601.8817524899787,739.8057799166667,10421.651269,407.1
4,polar25_conservative,edge__adversarial-positive,10,10,602.2706198203218,802.7894232727272,9663.992041,407.3
4,polar25_conservative,edge__adversarial-spatial,10,10,628.1357672994376,794.5845524545456,9839.774033,399.6
4,polar25_conservative,edge__iid,10,10,611.0310334006706,788.2025301818182,9109.754671,398.4
4,polar25_conservative,edge__smooth,10,10,608.1949699523351,824.8823486363636,9398.329026,401.4
4,polar25_conservative,near_collinear,9,9,711.4201364436966,841.5228117,9782.680256,410.3333333333333
4,polar25_conservative,range_transition,9,9,685.3669740301282,823.6976805,9763.946809,438.44444444444446
4,polar25_conservative,uniform__adversarial-negative,10,10,586.9003644685631,719.985333909091,8148.89448,340.8
4,polar25_conservative,uniform__adversarial-positive,10,10,589.861118028472,736.6563780909091,8253.483904,339.5
4,polar25_conservative,uniform__adversarial-spatial,10,10,590.5969125409165,704.847102909091,8726.017937,339.2
4,polar25_conservative,uniform__iid,10,10,590.1839176648584,711.8098771818181,8512.267682,344.4
4,polar25_conservative,uniform__smooth,10,10,588.3100654664431,748.3894204545454,8247.930774,345.2
4,replacement22,boundary_outward,9,9,713.0315254511753,830.2155132,10186.227224,467.1111111111111
4,replacement22,boundary_tangent,9,9,577.2712182335468,713.4355985,7641.487401,393.1111111111111
4,replacement22,cluster_far20,9,9,569.5336881944445,751.5603091,7607.017259,314.1111111111111
4,replacement22,clustered__adversarial-negative,10,10,472.28134101997296,607.0925595454545,7021.736813,330.1
4,replacement22,clustered__adversarial-positive,10,10,471.02866233890853,611.4519725454546,7330.23325,324.0
4,replacement22,clustered__adversarial-spatial,10,10,475.66733942509325,625.8982983636364,7421.925926,341.8
4,replacement22,clustered__iid,10,10,469.22378752240513,639.8677613636363,7038.545375,309.9
4,replacement22,clustered__smooth,10,10,478.0143761919256,618.5692844545455,7228.174479,343.6
4,replacement22,edge__adversarial-negative,10,10,505.24558651150556,654.91388,7507.61698,331.3
4,replacement22,edge__adversarial-positive,10,10,497.6906247516763,651.9755134545454,7225.331697,328.6
4,replacement22,edge__adversarial-spatial,10,10,506.8370868083978,660.821929,7269.041219,336.3
4,replacement22,edge__iid,10,10,500.184370627948,645.6568955454545,7252.343122,326.6
4,replacement22,edge__smooth,10,10,496.5435112108512,658.8194993636363,7247.014493,321.9
4,replacement22,near_collinear,9,9,632.6163068463675,814.0075496000001,8677.684393,416.6666666666667
4,replacement22,range_transition,9,9,593.7814244799146,768.6476144999999,7817.883237,367.0
4,replacement22,uniform__adversarial-negative,10,10,489.42600362286964,669.325646,7362.582106,320.3
4,replacement22,uniform__adversarial-positive,10,10,492.38198849134903,675.8232712727272,7434.055984,324.9
4,replacement22,uniform__adversarial-spatial,10,10,493.0770345666909,606.3125401818181,6775.411226,327.9
4,replacement22,uniform__iid,10,10,494.052530551168,670.286506090909,7373.151567,322.9
4,replacement22,uniform__smooth,10,10,483.7767701109436,673.578991,7409.368901,314.3
4,square45_conservative,boundary_outward,9,9,936.4913455320514,1179.5282905,11968.650912,661.6666666666666
4,square45_conservative,boundary_tangent,9,9,1018.391356623077,1316.9007634,14363.77415,674.1111111111111
4,square45_conservative,cluster_far20,9,9,871.0593630356839,1200.9255405,12009.255405,623.8888888888889
4,square45_conservative,clustered__adversarial-negative,10,10,825.279277654342,1152.315383,13317.607199,538.0
4,square45_conservative,clustered__adversarial-positive,10,10,818.5962592854775,1158.4830797272728,13117.080595,536.7
4,square45_conservative,clustered__adversarial-spatial,10,10,845.1257005899209,1221.9911399090909,13493.667592,531.3
4,square45_conservative,clustered__iid,10,10,822.3444345748874,1174.8176216363636,12922.993838,537.2
4,square45_conservative,clustered__smooth,10,10,835.6600845658262,1183.9078556363636,13641.257356,535.3
4,square45_conservative,edge__adversarial-negative,10,10,884.7975825515016,1120.1010847272728,12321.111932,624.2
4,square45_conservative,edge__adversarial-positive,10,10,888.8901744859895,1127.5945669999999,12403.540237,627.6
4,square45_conservative,edge__adversarial-spatial,10,10,890.781844879386,1131.6125391818182,12447.737931,606.5
4,square45_conservative,edge__iid,10,10,891.2029870491891,1152.6464429999999,12679.110873,621.5
4,square45_conservative,edge__smooth,10,10,890.850515961698,1128.086804909091,12408.954854,624.3
4,square45_conservative,near_collinear,9,9,1032.5183599256409,1299.3928326,13432.651742,682.3333333333334
4,square45_conservative,range_transition,9,9,985.3294636250001,1263.9297662000001,12639.297662,653.1111111111111
4,square45_conservative,uniform__adversarial-negative,10,10,902.9872051485914,1166.6646237272728,13081.056218,605.2
4,square45_conservative,uniform__adversarial-positive,10,10,909.5530650728628,1169.6271008181818,13045.411176,607.5
4,square45_conservative,uniform__adversarial-spatial,10,10,909.513739201526,1116.0715457272727,12929.666238,592.5
4,square45_conservative,uniform__iid,10,10,900.1246354535211,1146.2156935454545,13018.271896,605.7
4,square45_conservative,uniform__smooth,10,10,907.4603424914867,1163.1363503636364,13083.097414,606.5
