phase,problem,variant,component,gate_m,block,order,case_code,official_row_id,practice_run_no,sources,omni_sources,directional_sources,cleared,completed,virtual_time_us,total_s,seconds_per_source,distance_m,movement_s,measurements,measurement_s,switches,switch_s,misses,failed_clear_s,successful_clear_s,ledger_rounding_s,max_action_ledger_error_s,retries,wall_s,end_reason,evidence,trace,shared_measurements,early_optical_trials,optical_fallback_calls,certified_clears
calibration,3,full__g50,full,50.0,0,0,PBQU-NDYS-GQSY-TED8,18,2090476979982055963,14,14,0,14,1,3437669341,3437.669341,245.54781007142856,13093.346711232294,2618.6693422464587,126,630,119,119,0,0,70,-1.246458850800991e-06,4.972021940830018e-07,0,32.423252290987875,user_exit,/Users/flower/math/2026/B题/B/auto_practice_evidence/20260913-020747-25b5f20a,/Users/flower/math/2026/B题/B/auto_practice_evidence/20260913-020747-25b5f20a/002-1-run/robot-run/requests.jsonl,21,6,0,8
calibration,4,full__g35,full,35.0,0,0,JJFQ-CQ7V-D885-Y3JU,19,9196035875871764778,10,0,10,10,1,6161848011,6161.848011,616.1848011,21664.240059784068,4332.848011956814,300,1500,279,279,0,0,50,-9.568138921167701e-07,4.7320233420578006e-07,0,48.410392125020735,user_exit,/Users/flower/math/2026/B题/B/auto_practice_evidence/20260913-020820-7832ed5d,/Users/flower/math/2026/B题/B/auto_practice_evidence/20260913-020820-7832ed5d/002-1-run/robot-run/requests.jsonl,6,0,0,5
validation,3,full__g20,full,20.0,1,1,TZJE-AMWT-MRYS-SCCE,20,7181854399367266736,12,12,0,12,1,2966339870,2966.33987,247.19498916666666,11176.6993393444,2235.33986786888,113,565,106,106,0,0,60,2.1311197997420095e-06,4.8041662203957e-07,0,31.36889012498432,user_exit,/Users/flower/math/2026/B题/B/auto_practice_evidence/20260913-020916-9368202b,/Users/flower/math/2026/B题/B/auto_practice_evidence/20260913-020916-9368202b/002-1-run/robot-run/requests.jsonl,10,0,0,12
validation,4,full__g35,full,35.0,1,2,K5C7-ES2C-ZDQA-EXJK,21,807491118112395669,13,5,8,13,1,6604908719,6604.908719,508.06990146153845,23639.543595566072,4727.908719113215,306,1530,282,282,0,0,65,-1.1321480997139588e-07,4.849085257774277e-07,0,48.462813541002106,user_exit,/Users/flower/math/2026/B题/B/auto_practice_evidence/20260913-020947-843add31,/Users/flower/math/2026/B题/B/auto_practice_evidence/20260913-020947-843add31/002-1-run/robot-run/requests.jsonl,11,0,0,9
validation,4,scan_then_service__g35,scan_then_service,35.0,1,3,NJRB-FPZZ-XV7R-YG6P,22,6152238860434885758,14,5,9,14,1,6707268829,6707.268829,479.0906306428571,26221.34414911268,5244.268829822536,236,1180,213,213,0,0,70,-8.22536094347015e-07,4.541604710084357e-07,0,44.23708308397909,user_exit,/Users/flower/math/2026/B题/B/auto_practice_evidence/20260913-021036-b597e184,/Users/flower/math/2026/B题/B/auto_practice_evidence/20260913-021036-b597e184/002-1-run/robot-run/requests.jsonl,2,0,0,12
validation,4,no_share__g35,no_share,35.0,1,4,TEKT-BN2W-UH6C-QFAC,23,5404006003552933414,13,5,8,13,1,6162630071,6162.630071,474.04846699999996,22428.15035525955,4485.63007105191,272,1360,252,252,0,0,65,-5.191031959839165e-08,4.965060611539229e-07,0,46.26419420799357,user_exit,/Users/flower/math/2026/B题/B/auto_practice_evidence/20260913-021120-d8ea6e43,/Users/flower/math/2026/B题/B/auto_practice_evidence/20260913-021120-d8ea6e43/002-1-run/robot-run/requests.jsonl,0,0,0,5
validation,4,full__g40,full,40.0,1,5,TTMS-R656-6FV3-23P7,24,7129499944922862432,12,11,1,12,1,5576288214,5576.288214,464.69068450000003,20486.441075589762,4097.288215117953,240,1200,219,219,0,0,60,-1.117952706408687e-06,4.818311936105601e-07,0,47.43965937499888,user_exit,/Users/flower/math/2026/B题/B/auto_practice_evidence/20260913-021207-2645f096,/Users/flower/math/2026/B题/B/auto_practice_evidence/20260913-021207-2645f096/002-1-run/robot-run/requests.jsonl,16,0,0,11
validation,3,no_share__g50,no_share,50.0,1,6,MGDW-PH44-DJUM-W39H,25,1268944701543762338,13,13,0,13,1,2841643464,2841.643464,218.5879587692308,10748.217326602442,2149.6434653204883,105,525,99,99,1,3,65,-1.3204880815465003e-06,4.929391224095525e-07,0,34.33160604201839,user_exit,/Users/flower/math/2026/B题/B/auto_practice_evidence/20260913-021254-5dc2b9e9,/Users/flower/math/2026/B题/B/auto_practice_evidence/20260913-021254-5dc2b9e9/002-1-run/robot-run/requests.jsonl,0,6,0,8
validation,4,no_negative__g35,no_negative,35.0,1,7,FUEW-RKFY-F93C-JMAX,26,4309246695486959893,11,9,2,11,1,6019082742,6019.082742,547.1893401818181,21165.41371091798,4233.082742183596,292,1460,271,271,0,0,55,-1.8359605746809393e-07,4.958621104833583e-07,0,45.179150667012436,user_exit,/Users/flower/math/2026/B题/B/auto_practice_evidence/20260913-021329-28611625,/Users/flower/math/2026/B题/B/auto_practice_evidence/20260913-021329-28611625/002-1-run/robot-run/requests.jsonl,14,0,0,9
validation,3,nearest_sensing__g50,nearest_sensing,50.0,1,8,79MJ-3FK5-X2M2-7Q6S,27,7888727454436402526,12,12,0,12,1,3769493607,3769.493607,314.12446725,14057.468038347559,2811.4936076695117,126,630,115,115,51,153,60,-6.695117917843163e-07,4.980002685783802e-07,0,37.095901499997126,user_exit,/Users/flower/math/2026/B题/B/auto_practice_evidence/20260913-021414-89053b76,/Users/flower/math/2026/B题/B/auto_practice_evidence/20260913-021414-89053b76/002-1-run/robot-run/requests.jsonl,13,4,51,3
validation,3,full__g80,full,80.0,1,9,CE4E-N9JS-FW93-95DT,28,761361667793330312,11,11,0,11,1,2820169163,2820.169163,256.3790148181818,10695.845820411014,2139.1691640822028,105,525,101,101,0,0,55,-1.0822027434187476e-06,4.232593084907421e-07,0,31.11804483400192,user_exit,/Users/flower/math/2026/B题/B/auto_practice_evidence/20260913-021452-c6d3fab4,/Users/flower/math/2026/B题/B/auto_practice_evidence/20260913-021452-c6d3fab4/002-1-run/robot-run/requests.jsonl,13,6,0,5
validation,4,online_nearest__g35,online_nearest,35.0,1,10,QXZY-EG4Q-YGJW-TMXG,29,7788375116859040763,16,9,7,16,1,5709005902,5709.005902,356.812868875,20785.029515742364,4157.0059031484725,249,1245,227,227,0,0,80,-1.148472620116081e-06,4.925036165559504e-07,0,42.36146645800909,user_exit,/Users/flower/math/2026/B题/B/auto_practice_evidence/20260913-021523-93efe04e,/Users/flower/math/2026/B题/B/auto_practice_evidence/20260913-021523-93efe04e/002-1-run/robot-run/requests.jsonl,22,0,0,7
validation,3,scan_then_service__g50,scan_then_service,50.0,1,11,EYJF-WDHE-6XFW-WWE3,30,955627199510568869,16,16,0,16,1,3721906104,3721.906104,232.6191315,15034.53052318002,3006.906104636004,107,535,100,100,0,0,80,-6.360037332342472e-07,4.7500953570533966e-07,0,33.07577199998195,user_exit,/Users/flower/math/2026/B题/B/auto_practice_evidence/20260913-021605-13c28a3f,/Users/flower/math/2026/B题/B/auto_practice_evidence/20260913-021605-13c28a3f/002-1-run/robot-run/requests.jsonl,16,11,0,5
validation,3,full__g50,full,50.0,1,12,6VR3-VU2J-77H5-CN33,31,8586066624448765334,15,15,0,15,1,3650081102,3650.081102,243.33874013333335,14235.40551199235,2847.08110239847,122,610,115,115,1,3,75,-3.9847009247750975e-07,4.998817928481003e-07,0,33.12012908299221,user_exit,/Users/flower/math/2026/B题/B/auto_practice_evidence/20260913-021639-56e3dafb,/Users/flower/math/2026/B题/B/auto_practice_evidence/20260913-021639-56e3dafb/002-1-run/robot-run/requests.jsonl,22,6,0,10
validation,3,no_negative__g50,no_negative,50.0,1,13,ATN7-QQY3-7XKF-YV8X,32,110016939331164277,12,12,0,12,1,3054505102,3054.505102,254.54209183333333,11397.52550613768,2279.5051012275358,120,600,115,115,0,0,60,7.724643182882573e-07,4.5430950024183403e-07,0,33.833781166991685,user_exit,/Users/flower/math/2026/B题/B/auto_practice_evidence/20260913-021712-d6182eec,/Users/flower/math/2026/B题/B/auto_practice_evidence/20260913-021712-d6182eec/002-1-run/robot-run/requests.jsonl,14,3,0,9
validation,3,online_nearest__g50,online_nearest,50.0,1,14,ZFJ4-2G6D-3XKS-XNKW,33,3519405409515153152,16,16,0,16,1,3453836405,3453.836405,215.8647753125,13594.182030448046,2718.836406089609,110,550,105,105,0,0,80,-1.0896092135226354e-06,4.83562061504017e-07,0,31.438091415999224,user_exit,/Users/flower/math/2026/B题/B/auto_practice_evidence/20260913-021746-7c857f9b,/Users/flower/math/2026/B题/B/auto_practice_evidence/20260913-021746-7c857f9b/002-1-run/robot-run/requests.jsonl,19,8,0,8
validation,4,full__g20,full,20.0,1,15,VFMT-KEMR-UEFG-NSK4,34,4251685469414614276,14,11,3,14,1,5935602194,5935.602194,423.9715852857143,22508.010969207557,4501.6021938415115,231,1155,209,209,0,0,70,1.5848854673095047e-07,4.988504258562898e-07,0,40.941867916990304,user_exit,/Users/flower/math/2026/B题/B/auto_practice_evidence/20260913-021818-6a06c3b3,/Users/flower/math/2026/B题/B/auto_practice_evidence/20260913-021818-6a06c3b3/002-1-run/robot-run/requests.jsonl,16,0,0,14
validation,4,full__g80,full,80.0,1,16,SPSV-E8WP-8GT6-QN37,35,1770634803830190701,12,9,3,12,1,6048158164,6048.158164,504.01318033333337,21905.790828183493,4381.158165636699,270,1350,251,251,2,6,60,-1.6366984709748067e-06,4.945813287804413e-07,0,47.35720100000617,user_exit,/Users/flower/math/2026/B题/B/auto_practice_evidence/20260913-021859-129e5ffd,/Users/flower/math/2026/B题/B/auto_practice_evidence/20260913-021859-129e5ffd/002-1-run/robot-run/requests.jsonl,26,0,0,11
validation,4,scan_then_service__g35,scan_then_service,35.0,2,17,8TMP-2ZUG-PVXK-JKVU,36,8454209143515508657,14,12,2,14,1,6667370875,6667.370875,476.2407767857143,26121.854371624926,5224.370874324985,232,1160,213,213,0,0,70,6.750142347300425e-07,4.732940652729667e-07,0,46.496946084022056,user_exit,/Users/flower/math/2026/B题/B/auto_practice_evidence/20260913-021946-024e08a2,/Users/flower/math/2026/B题/B/auto_practice_evidence/20260913-021946-024e08a2/002-1-run/robot-run/requests.jsonl,0,0,0,14
validation,4,no_negative__g35,no_negative,35.0,2,18,CHAA-Z97T-Z5ZG-RMVB,37,94810373545642388,14,7,7,14,1,5516523811,5516.523811,394.0374150714286,20417.619077874973,4083.523815574995,231,1155,208,208,0,0,70,-4.57499481854029e-06,4.928950971816448e-07,0,44.90568562498083,user_exit,/Users/flower/math/2026/B题/B/auto_practice_evidence/20260913-022033-c7718f93,/Users/flower/math/2026/B题/B/auto_practice_evidence/20260913-022033-c7718f93/002-1-run/robot-run/requests.jsonl,26,0,0,10
validation,4,online_nearest__g35,online_nearest,35.0,2,19,94NM-VAFA-KQXM-NSWB,38,8559491356455072711,13,1,12,13,1,6584743494,6584.743494,506.51873030769235,24588.717457456114,4917.743491491223,271,1355,247,247,0,0,65,2.5087774702114984e-06,4.942361755411184e-07,0,47.82959245800157,user_exit,/Users/flower/math/2026/B题/B/auto_practice_evidence/20260913-022118-956f22c2,/Users/flower/math/2026/B题/B/auto_practice_evidence/20260913-022118-956f22c2/002-1-run/robot-run/requests.jsonl,11,0,0,10
validation,3,online_nearest__g50,online_nearest,50.0,2,20,YP7D-KGMB-RG2N-87AW,39,2103430931457776368,15,15,0,15,1,3067227980,3067.22798,204.48186533333333,11436.139889840326,2287.2279779680653,119,595,110,110,0,0,75,2.031934855040163e-06,4.993346180981462e-07,0,35.45666533301119,user_exit,/Users/flower/math/2026/B题/B/auto_practice_evidence/20260913-022206-52befdef,/Users/flower/math/2026/B题/B/auto_practice_evidence/20260913-022206-52befdef/002-1-run/robot-run/requests.jsonl,33,6,0,9
validation,3,full__g80,full,80.0,2,21,523G-VWNX-P8RK-3B7Z,40,1906251706001380145,14,14,0,14,1,3036009646,3036.009646,216.85783185714286,11540.048233920532,2308.0096467841063,111,555,100,100,1,3,70,-7.841063052183017e-07,4.91995777451848e-07,0,37.5872119590058,user_exit,/Users/flower/math/2026/B题/B/auto_practice_evidence/20260913-022242-7f8af1bc,/Users/flower/math/2026/B题/B/auto_practice_evidence/20260913-022242-7f8af1bc/002-1-run/robot-run/requests.jsonl,33,9,0,6
validation,3,scan_then_service__g50,scan_then_service,50.0,2,22,ZEUE-EME7-R8NE-XDP9,41,3183454618457047232,11,11,0,11,1,3988340450,3988.34045,362.5764045454546,15956.702256042558,3191.3404512085117,125,625,117,117,0,0,55,-1.2085115486115683e-06,4.5878826426815067e-07,0,34.00585124999634,user_exit,/Users/flower/math/2026/B题/B/auto_practice_evidence/20260913-022319-56832647,/Users/flower/math/2026/B题/B/auto_practice_evidence/20260913-022319-56832647/002-1-run/robot-run/requests.jsonl,2,8,0,3
validation,4,no_share__g35,no_share,35.0,2,23,QXBD-CCG5-VJM5-PN7X,42,6482796841628927625,15,11,4,15,1,6310006118,6310.006118,420.66707453333333,23895.030595154858,4779.006119030972,247,1235,221,221,0,0,75,-1.0309713616152294e-06,4.6547984311473556e-07,0,48.12808795800083,user_exit,/Users/flower/math/2026/B题/B/auto_practice_evidence/20260913-022354-4c23900c,/Users/flower/math/2026/B题/B/auto_practice_evidence/20260913-022354-4c23900c/002-1-run/robot-run/requests.jsonl,0,0,0,8
validation,4,full__g20,full,20.0,2,24,33KD-DV63-T6HW-FZFG,43,3943570190130314693,13,1,12,13,1,6334442723,6334.442723,487.26482484615383,22482.213611247604,4496.442722249521,299,1495,278,278,0,0,65,7.504795576096512e-07,4.929955039756351e-07,0,51.606421666016104,user_exit,/Users/flower/math/2026/B题/B/auto_practice_evidence/20260913-022442-09556919,/Users/flower/math/2026/B题/B/auto_practice_evidence/20260913-022442-09556919/002-1-run/robot-run/requests.jsonl,17,0,0,13
validation,3,nearest_sensing__g50,nearest_sensing,50.0,2,25,AGED-PED7-WUBP-U7V9,44,2032211377182769809,11,11,0,11,1,3922742608,3922.742608,356.61296436363637,13928.713061193886,2785.7426122387774,161,805,145,145,44,132,55,-4.238777364662383e-06,4.97789983455732e-07,0,42.958925499988254,user_exit,/Users/flower/math/2026/B题/B/auto_practice_evidence/20260913-022534-5a607bbf,/Users/flower/math/2026/B题/B/auto_practice_evidence/20260913-022534-5a607bbf/002-1-run/robot-run/requests.jsonl,36,5,43,3
validation,3,no_negative__g50,no_negative,50.0,2,26,7TM4-RZ7Z-7EEH-BCPB,45,7764092648693579570,12,12,0,12,1,3191513021,3191.513021,265.95941841666667,11837.565103797693,2367.5130207595384,129,645,119,119,0,0,60,2.404617589490954e-07,4.6959165445059625e-07,0,35.67275708299712,user_exit,/Users/flower/math/2026/B题/B/auto_practice_evidence/20260913-022617-ddacef28,/Users/flower/math/2026/B题/B/auto_practice_evidence/20260913-022617-ddacef28/002-1-run/robot-run/requests.jsonl,17,5,0,7
validation,3,full__g50,full,50.0,2,27,Y9GS-YG9M-WAE9-APBG,46,495949099924270104,15,15,0,15,1,3448587722,3448.587722,229.90584813333334,13702.938614709921,2740.5877229419843,107,535,98,98,0,0,75,-9.419841262570117e-07,4.428481474860746e-07,0,34.594700165995164,user_exit,/Users/flower/math/2026/B题/B/auto_practice_evidence/20260913-022653-22caebbd,/Users/flower/math/2026/B题/B/auto_practice_evidence/20260913-022653-22caebbd/002-1-run/robot-run/requests.jsonl,14,8,0,7
validation,4,full__g35,full,35.0,2,28,BJE9-5ZHQ-QDSC-99KH,47,6697637163603902623,15,2,13,15,1,6241923074,6241.923074,416.12820493333334,22659.615369875504,4531.923073975101,276,1380,255,255,0,0,75,2.4899236450437456e-08,4.991823452371591e-07,0,50.00347908301046,user_exit,/Users/flower/math/2026/B题/B/auto_practice_evidence/20260913-022728-72fcbd7d,/Users/flower/math/2026/B题/B/auto_practice_evidence/20260913-022728-72fcbd7d/002-1-run/robot-run/requests.jsonl,33,0,0,11
validation,3,no_share__g50,no_share,50.0,2,29,UE6Y-R2PQ-NVCZ-49MZ,48,6568179898842007403,11,11,0,11,1,3258008321,3258.008321,296.1825746363636,12565.041618299396,2513.0083236598794,116,580,110,110,0,0,55,-2.659879555722e-06,4.809076585843286e-07,0,35.54172395801288,user_exit,/Users/flower/math/2026/B题/B/auto_practice_evidence/20260913-022818-a9ef9660,/Users/flower/math/2026/B题/B/auto_practice_evidence/20260913-022818-a9ef9660/002-1-run/robot-run/requests.jsonl,0,5,0,6
validation,3,full__g20,full,20.0,2,30,DJXR-3FXT-XBS2-ZGKG,49,6733916385453537050,11,11,0,11,1,2752544454,2752.544454,250.231314,9317.722275310562,1863.5444550621123,140,700,134,134,0,0,55,-1.0621124602039345e-06,4.956656880494847e-07,0,38.32170016600867,user_exit,/Users/flower/math/2026/B题/B/auto_practice_evidence/20260913-022853-7657fdc3,/Users/flower/math/2026/B题/B/auto_practice_evidence/20260913-022853-7657fdc3/002-1-run/robot-run/requests.jsonl,30,0,0,11
validation,4,full__g40,full,40.0,2,31,QFA6-T8YN-DQET-V7TM,50,5373468931663872887,11,4,7,11,1,6685829387,6685.829387,607.8026715454545,24129.14693422781,4825.829386845562,304,1520,285,285,0,0,55,1.5443765732925385e-07,4.935749871037842e-07,0,49.26992862499901,user_exit,/Users/flower/math/2026/B题/B/auto_practice_evidence/20260913-022932-608d3178,/Users/flower/math/2026/B题/B/auto_practice_evidence/20260913-022932-608d3178/002-1-run/robot-run/requests.jsonl,15,0,0,8
validation,4,full__g80,full,80.0,2,32,R224-VSXH-V6E9-EPTB,51,8493192097826915877,10,8,2,10,1,5924189511,5924.189511,592.4189511,20790.94756171278,4158.189512342556,289,1445,271,271,0,0,50,-1.3425560609903187e-06,4.99936469111617e-07,0,48.025456584000494,user_exit,/Users/flower/math/2026/B题/B/auto_practice_evidence/20260913-023021-6e8554d8,/Users/flower/math/2026/B题/B/auto_practice_evidence/20260913-023021-6e8554d8/002-1-run/robot-run/requests.jsonl,9,0,0,7
validation,4,online_nearest__g35,online_nearest,35.0,3,33,AKRP-KFVJ-9RPG-AADA,52,5810714504801314508,13,11,2,13,1,6051702266,6051.702266,465.5155589230769,22603.51133424176,4520.702266848352,248,1240,226,226,0,0,65,-8.483521014568396e-07,4.984338914937325e-07,0,43.92146154199145,user_exit,/Users/flower/math/2026/B题/B/auto_practice_evidence/20260913-023110-872cc812,/Users/flower/math/2026/B题/B/auto_practice_evidence/20260913-023110-872cc812/002-1-run/robot-run/requests.jsonl,12,0,0,7
validation,4,no_negative__g35,no_negative,35.0,3,34,WV3B-M9HF-ZZ2M-886C,53,6303246657527552798,11,1,10,11,1,6452688779,6452.688779,586.6080708181818,22923.4439086412,4584.6887817282395,306,1530,283,283,0,0,55,-2.728239451244008e-06,4.965466047224254e-07,0,49.18265262499335,user_exit,/Users/flower/math/2026/B题/B/auto_practice_evidence/20260913-023154-14717bd2,/Users/flower/math/2026/B题/B/auto_practice_evidence/20260913-023154-14717bd2/002-1-run/robot-run/requests.jsonl,8,0,0,9
validation,3,scan_then_service__g50,scan_then_service,50.0,3,35,MGTF-47P7-UZCH-2XYK,54,5023155096499579663,13,13,0,13,1,4098718262,4098.718262,315.28602015384615,16548.591316220234,3309.7182632440467,122,610,114,114,0,0,65,-1.2440468708518893e-06,4.999476175271411e-07,0,35.9032221249945,user_exit,/Users/flower/math/2026/B题/B/auto_practice_evidence/20260913-023243-6995cd99,/Users/flower/math/2026/B题/B/auto_practice_evidence/20260913-023243-6995cd99/002-1-run/robot-run/requests.jsonl,6,9,0,4
validation,4,no_share__g35,no_share,35.0,3,36,B6J4-QQUC-MEE6-X3ZP,55,4387594630452996070,12,5,7,12,1,6182619306,6182.619306,515.2182755,22478.09651066555,4495.61930213311,275,1375,252,252,0,0,60,3.866889528580941e-06,4.946459384314039e-07,0,47.899261125014164,user_exit,/Users/flower/math/2026/B题/B/auto_practice_evidence/20260913-023319-5f684f10,/Users/flower/math/2026/B题/B/auto_practice_evidence/20260913-023319-5f684f10/002-1-run/robot-run/requests.jsonl,0,0,0,7
validation,3,no_negative__g50,no_negative,50.0,3,37,YEG4-UGRG-USP8-9RRA,56,2472578110282335843,13,13,0,13,1,3275278412,3275.278412,251.94449323076924,12571.392057626519,2514.278411525304,117,585,111,111,0,0,65,4.7469620767515153e-07,4.911425435238925e-07,0,35.18686929199612,user_exit,/Users/flower/math/2026/B题/B/auto_practice_evidence/20260913-023407-31643db0,/Users/flower/math/2026/B题/B/auto_practice_evidence/20260913-023407-31643db0/002-1-run/robot-run/requests.jsonl,11,8,0,5
validation,4,full__g80,full,80.0,3,38,RYPV-9BKR-JC25-PZKG,57,1836209776396391656,10,8,2,10,1,6231432514,6231.432514,623.1432514,21747.16257729095,4349.43251545819,309,1545,287,287,0,0,50,-1.4581901268684305e-06,4.2674278688537015e-07,0,49.364969040994765,user_exit,/Users/flower/math/2026/B题/B/auto_practice_evidence/20260913-023442-d0f1136c,/Users/flower/math/2026/B题/B/auto_practice_evidence/20260913-023442-d0f1136c/002-1-run/robot-run/requests.jsonl,10,0,0,7
validation,4,full__g40,full,40.0,3,39,KDP6-EP2A-4AA8-RGT4,58,1413267889161745661,11,8,3,11,1,6613540630,6613.54063,601.2309663636364,24462.703160230387,4892.540632046077,281,1405,261,261,0,0,55,-2.04607658815803e-06,3.9494869952250156e-07,0,47.62218745800783,user_exit,/Users/flower/math/2026/B题/B/auto_practice_evidence/20260913-023532-01791ee7,/Users/flower/math/2026/B题/B/auto_practice_evidence/20260913-023532-01791ee7/002-1-run/robot-run/requests.jsonl,19,0,0,6
validation,4,full__g35,full,35.0,3,40,AXNN-85WU-HCWJ-W7J6,59,2765403715444834803,13,0,13,13,1,6478302767,6478.302767,498.3309820769231,23866.513844095414,4773.302768819083,277,1385,255,255,0,0,65,-1.819083081500139e-06,4.92426494247411e-07,0,46.790992833004566,user_exit,/Users/flower/math/2026/B题/B/auto_practice_evidence/20260913-023620-651ef211,/Users/flower/math/2026/B题/B/auto_practice_evidence/20260913-023620-651ef211/002-1-run/robot-run/requests.jsonl,16,0,0,9
validation,3,nearest_sensing__g50,nearest_sensing,50.0,3,41,552B-25KY-WUBJ-8JWG,60,4024757445746580719,14,14,0,14,1,3819617284,3819.617284,272.829806,13763.086408251042,2752.6172816502085,150,750,142,142,35,105,70,2.349791429878678e-06,4.5991855657234737e-07,0,39.931620249990374,user_exit,/Users/flower/math/2026/B题/B/auto_practice_evidence/20260913-023707-be8f1826,/Users/flower/math/2026/B题/B/auto_practice_evidence/20260913-023707-be8f1826/002-1-run/robot-run/requests.jsonl,38,8,35,2
validation,3,full__g80,full,80.0,3,42,YN6P-6WJS-83SQ-JFV4,61,6560360897789646659,10,10,0,10,1,2892850795,2892.850795,289.2850795,10519.25397225138,2103.8507944502758,124,620,116,116,1,3,50,5.497240636032075e-07,4.6809196874164627e-07,0,35.63445287500508,user_exit,/Users/flower/math/2026/B题/B/auto_practice_evidence/20260913-023747-90e49363,/Users/flower/math/2026/B题/B/auto_practice_evidence/20260913-023747-90e49363/002-1-run/robot-run/requests.jsonl,13,5,0,6
validation,3,online_nearest__g50,online_nearest,50.0,3,43,M29Y-3H8J-4QBH-DSK6,62,3479188782423136679,16,16,0,16,1,3271653907,3271.653907,204.4783691875,12883.269530749907,2576.6539061499816,103,515,97,97,1,3,80,8.500182957504876e-07,4.986583803656686e-07,0,35.48800133302575,user_exit,/Users/flower/math/2026/B题/B/auto_practice_evidence/20260913-023823-88c63c46,/Users/flower/math/2026/B题/B/auto_practice_evidence/20260913-023823-88c63c46/002-1-run/robot-run/requests.jsonl,25,3,0,14
validation,3,full__g20,full,20.0,3,44,TSYU-TWF6-XG3U-MPAH,63,6391700845653152700,13,13,0,13,1,3035937242,3035.937242,233.533634,11634.686200006145,2326.937240001229,109,545,99,99,0,0,65,1.9987710402347147e-06,4.92866469414821e-07,0,36.301315374992555,user_exit,/Users/flower/math/2026/B题/B/auto_practice_evidence/20260913-023858-3a0c7f3c,/Users/flower/math/2026/B题/B/auto_practice_evidence/20260913-023858-3a0c7f3c/002-1-run/robot-run/requests.jsonl,18,0,0,13
validation,4,full__g20,full,20.0,3,45,B58R-D86N-9H9V-T6JQ,64,4661007201975564943,13,0,13,13,1,6714559313,6714.559313,516.5045625384615,24187.796569837654,4837.559313967531,306,1530,282,282,0,0,65,-9.675313776824623e-07,4.941004370095925e-07,0,53.22574574997998,user_exit,/Users/flower/math/2026/B题/B/auto_practice_evidence/20260913-023935-bb076fc0,/Users/flower/math/2026/B题/B/auto_practice_evidence/20260913-023935-bb076fc0/002-1-run/robot-run/requests.jsonl,9,0,0,13
validation,3,no_share__g50,no_share,50.0,3,46,JG2Q-QEET-GDMN-RC2V,65,7517660392105376039,13,13,0,13,1,3180348214,3180.348214,244.6421703076923,12056.741074939924,2411.3482149879846,117,585,113,113,2,6,65,-9.879845492832828e-07,4.962432171851106e-07,0,38.22386891700444,user_exit,/Users/flower/math/2026/B题/B/auto_practice_evidence/20260913-024028-65eb6b74,/Users/flower/math/2026/B题/B/auto_practice_evidence/20260913-024028-65eb6b74/002-1-run/robot-run/requests.jsonl,0,6,0,9
validation,4,scan_then_service__g35,scan_then_service,35.0,3,47,EDDA-BAJV-CAEP-9PN7,66,3591550341709921710,13,2,11,13,1,7029197058,7029.197058,540.707466,26325.985300986747,5265.19706019735,287,1435,264,264,0,0,65,-2.197350113419816e-06,4.5331398723647e-07,0,51.67978937498992,user_exit,/Users/flower/math/2026/B题/B/auto_practice_evidence/20260913-024107-e3238ae3,/Users/flower/math/2026/B题/B/auto_practice_evidence/20260913-024107-e3238ae3/002-1-run/robot-run/requests.jsonl,6,0,0,7
validation,3,full__g50,full,50.0,3,48,629G-7FN7-TSMX-P3N7,67,5711278577033480177,15,15,0,15,1,3322756171,3322.756171,221.51707806666667,12688.780857332238,2537.7561714664475,119,595,109,109,2,6,75,-4.6644754547742195e-07,4.4308796098846415e-07,0,37.68631925000227,user_exit,/Users/flower/math/2026/B题/B/auto_practice_evidence/20260913-024158-0a39d676,/Users/flower/math/2026/B题/B/auto_practice_evidence/20260913-024158-0a39d676/002-1-run/robot-run/requests.jsonl,36,4,0,13
validation,4,no_share__g35,no_share,35.0,4,49,33YR-2CM6-M75P-UNEB,68,2463586116537604962,11,8,3,11,1,6089992422,6089.992422,553.6356747272728,21529.96210619619,4305.992421239238,292,1460,269,269,0,0,55,7.60762304707896e-07,4.853051080999649e-07,0,50.55252745799953,user_exit,/Users/flower/math/2026/B题/B/auto_practice_evidence/20260913-024236-34017efa,/Users/flower/math/2026/B题/B/auto_practice_evidence/20260913-024236-34017efa/002-1-run/robot-run/requests.jsonl,0,0,0,8
validation,3,no_negative__g50,no_negative,50.0,4,50,2NS7-Q7Q9-DKUS-55U7,69,7853721084870347475,15,15,0,15,1,3500591096,3500.591096,233.37273973333333,13232.955487300256,2646.591097460051,131,655,121,121,1,3,75,-1.460050953028258e-06,4.948095835288768e-07,0,38.399328917003004,user_exit,/Users/flower/math/2026/B题/B/auto_practice_evidence/20260913-024327-7b3054af,/Users/flower/math/2026/B题/B/auto_practice_evidence/20260913-024327-7b3054af/002-1-run/robot-run/requests.jsonl,26,8,0,8
validation,4,full__g80,full,80.0,4,51,S72S-TV6Z-6DUQ-GUJ8,70,6332769837110317978,13,10,3,13,1,5493851261,5493.851261,422.60394315384616,19689.256312993337,3937.8512625986673,252,1260,231,231,0,0,65,-1.5986679500201717e-06,4.885212376848358e-07,0,47.271295249986,user_exit,/Users/flower/math/2026/B题/B/auto_practice_evidence/20260913-024406-51494a36,/Users/flower/math/2026/B题/B/auto_practice_evidence/20260913-024406-51494a36/002-1-run/robot-run/requests.jsonl,16,0,0,8
validation,3,full__g50,full,50.0,4,52,7WUZ-7N8N-PZN7-ZFT7,71,1743265275932564971,11,11,0,11,1,3115918265,3115.918265,283.2652968181818,11919.591325730336,2383.9182651460674,114,570,107,107,0,0,55,-1.460675775888376e-07,4.5944322124569226e-07,0,39.1012698749837,user_exit,/Users/flower/math/2026/B题/B/auto_practice_evidence/20260913-024453-c90931df,/Users/flower/math/2026/B题/B/auto_practice_evidence/20260913-024453-c90931df/002-1-run/robot-run/requests.jsonl,10,4,0,7
validation,4,full__g35,full,35.0,4,53,WCNG-J6AM-EDGX-Z9KT,72,2576335289425054402,13,12,1,13,1,5624219305,5624.219305,432.6322542307692,20286.096540897528,4057.219308179506,254,1270,232,232,0,0,65,-3.179506165906787e-06,4.664854316160927e-07,0,48.57871529198019,user_exit,/Users/flower/math/2026/B题/B/auto_practice_evidence/20260913-024532-2ad08e1b,/Users/flower/math/2026/B题/B/auto_practice_evidence/20260913-024532-2ad08e1b/002-1-run/robot-run/requests.jsonl,16,0,0,10
validation,4,no_negative__g35,no_negative,35.0,4,54,AGQN-MRMS-P7FV-HJ4E,73,7218952403523976439,14,9,5,14,1,6149331179,6149.331179,439.23794135714286,23151.655896713717,4630.331179342744,245,1225,224,224,0,0,70,-3.427439878578298e-07,4.945982539084071e-07,0,47.6467068750062,user_exit,/Users/flower/math/2026/B题/B/auto_practice_evidence/20260913-024621-b85c21bc,/Users/flower/math/2026/B题/B/auto_practice_evidence/20260913-024621-b85c21bc/002-1-run/robot-run/requests.jsonl,15,0,0,11
validation,3,full__g80,full,80.0,4,55,Z4ZM-AMP9-Q64C-JAKY,74,6683754884911744429,10,10,0,10,1,3040063664,3040.063664,304.0063664,11610.318316054923,2322.0636632109845,112,560,108,108,0,0,50,7.890153028711211e-07,4.988096407032572e-07,0,37.36852412499138,user_exit,/Users/flower/math/2026/B题/B/auto_practice_evidence/20260913-024709-c11ebf9e,/Users/flower/math/2026/B题/B/auto_practice_evidence/20260913-024709-c11ebf9e/002-1-run/robot-run/requests.jsonl,9,7,0,3
validation,3,nearest_sensing__g50,nearest_sensing,50.0,4,56,EWMT-HYTA-FJDE-QUBF,75,5291412323513836302,14,14,0,14,1,3974162338,3974.162338,283.8687384285714,14875.811672602027,2975.1623345204052,136,680,123,123,42,126,70,3.4795948522514664e-06,4.789566769858311e-07,0,42.11054908297956,user_exit,/Users/flower/math/2026/B题/B/auto_practice_evidence/20260913-024746-1755b154,/Users/flower/math/2026/B题/B/auto_practice_evidence/20260913-024746-1755b154/002-1-run/robot-run/requests.jsonl,31,4,42,4
validation,4,full__g20,full,20.0,4,57,CTJP-JJ75-4MEZ-SR7V,76,7908976001189223171,13,2,11,13,1,6716605274,6716.605274,516.6619441538461,24343.026364297028,4868.605272859406,301,1505,278,278,0,0,65,1.1405936675146222e-06,4.969096778495441e-07,0,51.38892208298785,user_exit,/Users/flower/math/2026/B题/B/auto_practice_evidence/20260913-024829-d1c0ecd7,/Users/flower/math/2026/B题/B/auto_practice_evidence/20260913-024829-d1c0ecd7/002-1-run/robot-run/requests.jsonl,19,0,0,13
validation,4,online_nearest__g35,online_nearest,35.0,4,58,B8KT-X3D2-WDFC-K6R4,77,2452958957916871708,15,4,11,15,1,6430021931,6430.021931,428.66812873333333,24290.109643615182,4858.021928723037,253,1265,232,232,0,0,75,2.276963641634211e-06,4.940245048601355e-07,0,48.440615917003015,user_exit,/Users/flower/math/2026/B题/B/auto_practice_evidence/20260913-024920-5e57fef4,/Users/flower/math/2026/B题/B/auto_practice_evidence/20260913-024920-5e57fef4/002-1-run/robot-run/requests.jsonl,27,0,0,11
validation,3,no_share__g50,no_share,50.0,4,59,28M4-ERZ5-XZQP-RDDP,78,3300557904533804065,11,11,0,11,1,3176313674,3176.313674,288.75578854545455,12441.568355828704,2488.3136711657407,106,530,103,103,0,0,55,2.834259248629678e-06,4.875514321156516e-07,0,35.57000258300104,user_exit,/Users/flower/math/2026/B题/B/auto_practice_evidence/20260913-025009-1cfd1538,/Users/flower/math/2026/B题/B/auto_practice_evidence/20260913-025009-1cfd1538/002-1-run/robot-run/requests.jsonl,0,7,0,4
validation,4,full__g40,full,40.0,4,60,JXYN-NTAT-RHHG-9NCN,79,4146791610557762881,16,3,13,16,1,5971482242,5971.482242,373.217640125,22207.411226572025,4441.482245314405,245,1225,225,225,0,0,80,-3.314405148557853e-06,4.94954178975604e-07,0,46.427842584002065,user_exit,/Users/flower/math/2026/B题/B/auto_practice_evidence/20260913-025044-88ca387b,/Users/flower/math/2026/B题/B/auto_practice_evidence/20260913-025044-88ca387b/002-1-run/robot-run/requests.jsonl,15,0,0,7
validation,3,scan_then_service__g50,scan_then_service,50.0,4,61,D5EQ-CFGY-CN9E-MP7D,80,5870250791272833229,14,14,0,14,1,3841976075,3841.976075,274.4268625,15354.880378646572,3070.9760757293143,118,590,111,111,0,0,70,-7.293142516573425e-07,4.979721950348903e-07,0,38.435460042004706,user_exit,/Users/flower/math/2026/B题/B/auto_practice_evidence/20260913-025131-3b3d3c4b,/Users/flower/math/2026/B题/B/auto_practice_evidence/20260913-025131-3b3d3c4b/002-1-run/robot-run/requests.jsonl,2,9,0,5
validation,3,full__g20,full,20.0,4,62,4YNR-RPWV-2H8Q-NG67,81,3201814546191607663,15,15,0,15,1,3281527883,3281.527883,218.76852553333336,12192.639430786956,2438.527886157391,130,650,118,118,0,0,75,-3.1573908927384764e-06,4.960290667099798e-07,0,37.882459750020644,user_exit,/Users/flower/math/2026/B题/B/auto_practice_evidence/20260913-025210-4f1808d4,/Users/flower/math/2026/B题/B/auto_practice_evidence/20260913-025210-4f1808d4/002-1-run/robot-run/requests.jsonl,30,0,0,15
validation,3,online_nearest__g50,online_nearest,50.0,4,63,Z4AQ-YQU2-JYE9-NBU4,82,3758498212730181141,10,10,0,10,1,2990575686,2990.575686,299.0575686,11262.87842219916,2252.575684439832,116,580,108,108,0,0,50,1.5601681297994219e-06,4.770486157212872e-07,0,37.38840566700674,user_exit,/Users/flower/math/2026/B题/B/auto_practice_evidence/20260913-025248-b3b08b55,/Users/flower/math/2026/B题/B/auto_practice_evidence/20260913-025248-b3b08b55/002-1-run/robot-run/requests.jsonl,10,6,0,4
validation,4,scan_then_service__g35,scan_then_service,35.0,4,64,2Z2N-JDMS-HGAQ-2AUP,83,7794380251674926493,14,2,12,14,1,6942033834,6942.033834,495.8595595714286,26475.169174039158,5295.033834807831,266,1330,247,247,0,0,70,-8.078313840087503e-07,4.450463251259862e-07,0,49.37107454100624,user_exit,/Users/flower/math/2026/B题/B/auto_practice_evidence/20260913-025325-aefa828e,/Users/flower/math/2026/B题/B/auto_practice_evidence/20260913-025325-aefa828e/002-1-run/robot-run/requests.jsonl,1,0,0,11
validation,3,online_nearest__g50,online_nearest,50.0,5,65,HAPY-YH4E-PWYA-954Z,84,2951482233438939008,13,13,0,13,1,3020562177,3020.562177,232.35093669230767,11577.81088329229,2315.562176658458,108,540,100,100,0,0,65,3.4154163586208597e-07,4.552266830160079e-07,0,37.82342691699159,user_exit,/Users/flower/math/2026/B题/B/auto_practice_evidence/20260913-025415-076eef09,/Users/flower/math/2026/B题/B/auto_practice_evidence/20260913-025415-076eef09/002-1-run/robot-run/requests.jsonl,22,3,0,10
validation,3,no_negative__g50,no_negative,50.0,5,66,9GNU-AWRS-73U8-RT74,85,698175501565654052,11,11,0,11,1,3080602970,3080.60297,280.05481545454546,11648.014835994587,2329.602967198917,117,585,111,111,0,0,55,2.801082700898405e-06,4.861619231633085e-07,0,36.681998374988325,user_exit,/Users/flower/math/2026/B题/B/auto_practice_evidence/20260913-025453-053dbb4c,/Users/flower/math/2026/B题/B/auto_practice_evidence/20260913-025453-053dbb4c/002-1-run/robot-run/requests.jsonl,11,8,0,3
validation,4,full__g20,full,20.0,5,67,VN6M-XH5N-KJXA-F8VP,86,1506336402128750280,15,4,11,15,1,5756648292,5756.648292,383.7765528,21223.241465772215,4244.648293154443,243,1215,222,222,0,0,75,-1.1544434528332204e-06,4.983229935362488e-07,0,47.67173999999068,user_exit,/Users/flower/math/2026/B题/B/auto_practice_evidence/20260913-025530-da4aba86,/Users/flower/math/2026/B题/B/auto_practice_evidence/20260913-025530-da4aba86/002-1-run/robot-run/requests.jsonl,25,0,0,15
validation,4,no_share__g35,no_share,35.0,5,68,XNQE-3KTK-YFPJ-4PTD,87,8830818031378638953,15,12,3,15,1,5815444515,5815.444515,387.696301,21567.222574151107,4313.444514830221,241,1205,222,222,0,0,75,1.697790139587596e-07,4.5512888391385786e-07,0,47.42219183398993,user_exit,/Users/flower/math/2026/B题/B/auto_practice_evidence/20260913-025617-028b7855,/Users/flower/math/2026/B题/B/auto_practice_evidence/20260913-025617-028b7855/002-1-run/robot-run/requests.jsonl,0,0,0,13
validation,3,full__g80,full,80.0,5,69,77MA-2J4M-YEQB-FVXF,88,5140185944167932822,15,15,0,15,1,3059362429,3059.362429,203.95749526666665,10961.812144475112,2192.3624288950223,133,665,124,124,1,3,75,1.0497751645743847e-07,4.826400328283853e-07,0,39.123577082995325,user_exit,/Users/flower/math/2026/B题/B/auto_practice_evidence/20260913-025705-59703d51,/Users/flower/math/2026/B题/B/auto_practice_evidence/20260913-025705-59703d51/002-1-run/robot-run/requests.jsonl,33,9,0,7
validation,3,full__g20,full,20.0,5,70,D7JK-YZ5B-XUWP-DJC5,89,5117492117937711571,10,10,0,10,1,2907716054,2907.716054,290.7716054,10078.580270040913,2015.7160540081827,142,710,132,132,0,0,50,-8.182723831851035e-09,4.733598757411528e-07,0,39.637093666999135,user_exit,/Users/flower/math/2026/B题/B/auto_practice_evidence/20260913-025744-dcea9c46,/Users/flower/math/2026/B题/B/auto_practice_evidence/20260913-025744-dcea9c46/002-1-run/robot-run/requests.jsonl,27,0,0,10
validation,3,full__g50,full,50.0,5,71,5YED-833B-74WF-6S6Z,90,869854940256416224,10,10,0,10,1,2718891136,2718.891136,271.88911360000003,9534.455681852029,1906.8911363704058,128,640,119,119,1,3,50,-3.704053597175516e-07,4.886756244104618e-07,0,38.298252749984385,user_exit,/Users/flower/math/2026/B题/B/auto_practice_evidence/20260913-025824-f1639580,/Users/flower/math/2026/B题/B/auto_practice_evidence/20260913-025824-f1639580/002-1-run/robot-run/requests.jsonl,15,6,0,5
validation,4,no_negative__g35,no_negative,35.0,5,72,UT4S-TRKH-MZC8-M5XM,91,7704810240859458376,11,8,3,11,1,5789208097,5789.208097,526.2916451818181,20996.040480229316,4199.208096045863,259,1295,240,240,0,0,55,9.541363397147506e-07,4.88355567540566e-07,0,48.56884300001548,user_exit,/Users/flower/math/2026/B题/B/auto_practice_evidence/20260913-025903-7aa06bdb,/Users/flower/math/2026/B题/B/auto_practice_evidence/20260913-025903-7aa06bdb/002-1-run/robot-run/requests.jsonl,11,0,0,9
validation,3,scan_then_service__g50,scan_then_service,50.0,5,73,QC5S-BAGM-GGKA-HAW4,92,338223740182969528,13,13,0,13,1,4250915558,4250.915558,326.99350446153846,17569.577790451764,3513.9155580903525,113,565,107,107,0,0,65,-9.035284165292978e-08,4.4174066715640947e-07,0,38.81516370800091,user_exit,/Users/flower/math/2026/B题/B/auto_practice_evidence/20260913-025951-25b5a740,/Users/flower/math/2026/B题/B/auto_practice_evidence/20260913-025951-25b5a740/002-1-run/robot-run/requests.jsonl,0,7,0,6
validation,4,scan_then_service__g35,scan_then_service,35.0,5,74,AQ78-VGD8-5CK4-9WPJ,93,1282549004294897894,14,5,9,14,1,6516603324,6516.603324,465.47166599999997,25063.01662899252,5012.603325798504,242,1210,224,224,0,0,70,-1.798503944883123e-06,4.999674274586141e-07,0,48.246127040998545,user_exit,/Users/flower/math/2026/B题/B/auto_practice_evidence/20260913-030030-a1571277,/Users/flower/math/2026/B题/B/auto_practice_evidence/20260913-030030-a1571277/002-1-run/robot-run/requests.jsonl,0,0,0,14
validation,4,full__g40,full,40.0,5,75,QHJG-B24A-RQRB-SS9V,94,3486264738798544285,13,6,7,13,1,6061451018,6061.451018,466.2654629230769,21652.255105733053,4330.45102114661,281,1405,261,261,0,0,65,-3.146610652038362e-06,4.807869942169418e-07,0,50.5466733330104,user_exit,/Users/flower/math/2026/B题/B/auto_practice_evidence/20260913-030119-75e9ae91,/Users/flower/math/2026/B题/B/auto_practice_evidence/20260913-030119-75e9ae91/002-1-run/robot-run/requests.jsonl,15,0,0,8
validation,3,nearest_sensing__g50,nearest_sensing,50.0,5,76,A7BK-QG9A-QF8S-D88Y,95,4078957856510077308,13,13,0,13,1,3731783105,3731.783105,287.0602388461538,13708.915508064605,2741.783101612921,147,735,136,136,18,54,65,3.3870787774503697e-06,4.884849094111132e-07,0,41.64632420800626,user_exit,/Users/flower/math/2026/B题/B/auto_practice_evidence/20260913-030209-38ad07a9,/Users/flower/math/2026/B题/B/auto_practice_evidence/20260913-030209-38ad07a9/002-1-run/robot-run/requests.jsonl,26,4,18,2
validation,4,full__g80,full,80.0,5,77,6K2R-BJNJ-2XF6-VU3X,96,7748308139950339292,14,5,9,14,1,7080894718,7080.894718,505.7781941428571,25839.473589361536,5167.894717872307,311,1555,285,285,1,3,70,1.2769214663421735e-07,4.887051119339958e-07,0,52.41117383399978,user_exit,/Users/flower/math/2026/B题/B/auto_practice_evidence/20260913-030251-dfbe25de,/Users/flower/math/2026/B题/B/auto_practice_evidence/20260913-030251-dfbe25de/002-1-run/robot-run/requests.jsonl,38,0,0,10
validation,4,online_nearest__g35,online_nearest,35.0,5,78,KEJT-BE9V-TB7T-RR5M,97,7857249491134439448,14,5,9,14,1,6316287699,6316.287699,451.1634070714286,23061.438500114662,4612.287700022933,276,1380,254,254,0,0,70,-1.0229323379462585e-06,4.903425576685549e-07,0,51.0700324169884,user_exit,/Users/flower/math/2026/B题/B/auto_practice_evidence/20260913-030344-e77117bb,/Users/flower/math/2026/B题/B/auto_practice_evidence/20260913-030344-e77117bb/002-1-run/robot-run/requests.jsonl,19,0,0,10
validation,4,full__g35,full,35.0,5,79,X8X9-35ZD-JDNQ-7GYT,98,3455477204683627063,11,6,5,11,1,6204781363,6204.781363,564.071033,22498.90682143793,4499.781364287586,278,1390,260,260,0,0,55,-1.2875862012151629e-06,4.99988288993336e-07,0,51.85947312499047,user_exit,/Users/flower/math/2026/B题/B/auto_practice_evidence/20260913-030435-b7135f1e,/Users/flower/math/2026/B题/B/auto_practice_evidence/20260913-030435-b7135f1e/002-1-run/robot-run/requests.jsonl,13,0,0,9
validation,3,no_share__g50,no_share,50.0,5,80,KXU3-6YX8-B9ZX-7PKS,99,189405639221190811,14,14,0,14,1,3670392007,3670.392007,262.17085764285713,14856.96004600918,2971.392009201836,105,525,101,101,1,3,70,-2.201836196036311e-06,4.773397392909828e-07,0,38.13647504200344,user_exit,/Users/flower/math/2026/B题/B/auto_practice_evidence/20260913-030527-278c3ad5,/Users/flower/math/2026/B题/B/auto_practice_evidence/20260913-030527-278c3ad5/002-1-run/robot-run/requests.jsonl,0,9,0,6
validation,3,online_nearest__g50,online_nearest,50.0,6,81,W8N2-NW42-8JEY-V9NH,100,4582507888452048474,11,11,0,11,1,2991518252,2991.518252,271.95620472727273,10877.591256051033,2175.5182512102065,128,640,121,121,0,0,55,7.897933755884878e-07,4.983373500522248e-07,0,39.72211116697872,user_exit,/Users/flower/math/2026/B题/B/auto_practice_evidence/20260913-030605-45e23a39,/Users/flower/math/2026/B题/B/auto_practice_evidence/20260913-030605-45e23a39/002-1-run/robot-run/requests.jsonl,12,6,0,5
validation,3,scan_then_service__g50,scan_then_service,50.0,6,82,29Q4-H59H-AGU4-H5NJ,101,7161055145522748625,11,11,0,11,1,3939295134,3939.295134,358.1177394545455,15636.475680777101,3127.29513615542,127,635,122,122,0,0,55,-2.1554201339313295e-06,4.5447245611285325e-07,0,39.3010238330171,user_exit,/Users/flower/math/2026/B题/B/auto_practice_evidence/20260913-030645-df89b467,/Users/flower/math/2026/B题/B/auto_practice_evidence/20260913-030645-df89b467/002-1-run/robot-run/requests.jsonl,2,10,0,1
validation,4,scan_then_service__g35,scan_then_service,35.0,6,83,BASX-UPYV-DEJK-GM64,102,2387374745178353836,12,11,1,12,1,6339707501,6339.707501,528.3089584166667,24633.537507924942,4926.707501584989,229,1145,208,208,0,0,60,-5.84988811169751e-07,4.842232215196418e-07,0,47.409935166011564,user_exit,/Users/flower/math/2026/B题/B/auto_practice_evidence/20260913-030725-a0a98e6f,/Users/flower/math/2026/B题/B/auto_practice_evidence/20260913-030725-a0a98e6f/002-1-run/robot-run/requests.jsonl,0,0,0,12
validation,4,no_share__g35,no_share,35.0,6,84,BWD3-6BZV-3C9D-S8EJ,103,2666430278949250326,10,8,2,10,1,5913274212,5913.274212,591.3274212,20871.371074998653,4174.27421499973,285,1425,264,264,0,0,50,-2.9997299861861393e-06,4.848182300065673e-07,0,51.36013724998338,user_exit,/Users/flower/math/2026/B题/B/auto_practice_evidence/20260913-030812-ef99f81e,/Users/flower/math/2026/B题/B/auto_practice_evidence/20260913-030812-ef99f81e/002-1-run/robot-run/requests.jsonl,0,0,0,10
validation,3,full__g50,full,50.0,6,85,4U5E-W5P6-7MWZ-VYNP,104,2897257621977244259,15,15,0,15,1,3282514255,3282.514255,218.83428366666666,12202.571267240623,2440.5142534481247,128,640,121,121,2,6,75,1.5518753571086563e-06,4.990436792695618e-07,0,40.5134621670004,user_exit,/Users/flower/math/2026/B题/B/auto_practice_evidence/20260913-030904-e5100acc,/Users/flower/math/2026/B题/B/auto_practice_evidence/20260913-030904-e5100acc/002-1-run/robot-run/requests.jsonl,22,9,0,8
validation,3,full__g20,full,20.0,6,86,C99G-MQCB-3T98-Z4FF,105,5797380434509024030,10,10,0,10,1,3212551013,3212.551013,321.2551013,12097.755062918575,2419.551012583715,125,625,118,118,0,0,50,4.16284819948487e-07,4.898091532368198e-07,0,39.98869329201989,user_exit,/Users/flower/math/2026/B题/B/auto_practice_evidence/20260913-030945-24dbd8fc,/Users/flower/math/2026/B题/B/auto_practice_evidence/20260913-030945-24dbd8fc/002-1-run/robot-run/requests.jsonl,12,0,0,10
validation,4,full__g35,full,35.0,6,87,WX9W-BW53-TTAK-36D6,106,2723542032988078244,11,5,6,11,1,6039745199,6039.745199,549.0677453636364,20778.72599315991,4155.745198631982,309,1545,284,284,0,0,55,3.680179361253977e-07,4.946701039898471e-07,0,54.57181191700511,user_exit,/Users/flower/math/2026/B题/B/auto_practice_evidence/20260913-031025-2bb63207,/Users/flower/math/2026/B题/B/auto_practice_evidence/20260913-031025-2bb63207/002-1-run/robot-run/requests.jsonl,13,0,0,10
validation,4,full__g20,full,20.0,6,88,7T59-JH68-R4BP-WUQM,107,3216789006913713313,13,11,2,13,1,6100369792,6100.369792,469.2592147692308,22221.848975683526,4444.369795136705,269,1345,246,246,0,0,65,-3.136704435746651e-06,4.7146669146513887e-07,0,51.57523579199915,user_exit,/Users/flower/math/2026/B题/B/auto_practice_evidence/20260913-031119-b441780f,/Users/flower/math/2026/B题/B/auto_practice_evidence/20260913-031119-b441780f/002-1-run/robot-run/requests.jsonl,14,0,0,13
validation,3,full__g80,full,80.0,6,89,8YS9-6PBT-YEZ8-H2DU,108,1089291124990526070,12,12,0,12,1,2824377884,2824.377884,235.36482366666667,10026.8894274599,2005.3778854919801,128,640,119,119,0,0,60,-1.4919801287760492e-06,4.5793056813181465e-07,0,40.34546679200139,user_exit,/Users/flower/math/2026/B题/B/auto_practice_evidence/20260913-031211-df28a355,/Users/flower/math/2026/B题/B/auto_practice_evidence/20260913-031211-df28a355/002-1-run/robot-run/requests.jsonl,24,6,0,6
validation,4,no_negative__g35,no_negative,35.0,6,90,J4MT-SQD3-6FTW-3WXH,109,478415878013430828,14,7,7,14,1,6179458144,6179.458144,441.38986742857145,22062.290725169907,4412.458145033981,287,1435,262,262,0,0,70,-1.033980879583396e-06,4.862235698510631e-07,0,55.28139687498333,user_exit,/Users/flower/math/2026/B题/B/auto_practice_evidence/20260913-031252-eeb34371,/Users/flower/math/2026/B题/B/auto_practice_evidence/20260913-031252-eeb34371/002-1-run/robot-run/requests.jsonl,18,0,0,11
validation,3,no_negative__g50,no_negative,50.0,6,91,Y4FE-ZG44-QXNA-X46Y,110,7603288802463455916,12,12,0,12,1,2954342979,2954.342979,246.19524825,10886.71490309816,2177.342980619632,121,605,112,112,0,0,60,-1.6196318028960377e-06,4.93589269012773e-07,0,40.96551654097857,user_exit,/Users/flower/math/2026/B题/B/auto_practice_evidence/20260913-031347-03e7fe46,/Users/flower/math/2026/B题/B/auto_practice_evidence/20260913-031347-03e7fe46/002-1-run/robot-run/requests.jsonl,15,5,0,7
validation,4,online_nearest__g35,online_nearest,35.0,6,92,BKGC-VTRK-KM5W-5FT9,111,1464212829761138732,12,11,1,12,1,6525393210,6525.39321,543.7827675,24761.96605538177,4952.393211076354,256,1280,233,233,0,0,60,-1.0763542377389967e-06,4.6462005087732905e-07,0,51.208168458979344,user_exit,/Users/flower/math/2026/B题/B/auto_practice_evidence/20260913-031428-a3bbbc6c,/Users/flower/math/2026/B题/B/auto_practice_evidence/20260913-031428-a3bbbc6c/002-1-run/robot-run/requests.jsonl,15,0,0,6
validation,3,no_share__g50,no_share,50.0,6,93,RWUH-6EMZ-5GP7-8S4W,112,939762230261805878,10,10,0,10,1,3100179197,3100.179197,310.0179197,11840.895988721717,2368.1791977443436,114,570,112,112,0,0,50,-7.443436516041402e-07,4.840448184495472e-07,0,39.35226295798202,user_exit,/Users/flower/math/2026/B题/B/auto_practice_evidence/20260913-031520-816efc24,/Users/flower/math/2026/B题/B/auto_practice_evidence/20260913-031520-816efc24/002-1-run/robot-run/requests.jsonl,0,6,0,4
validation,3,nearest_sensing__g50,nearest_sensing,50.0,6,94,YK3R-X39M-CCFU-X4JR,113,2675874529376063434,13,13,0,13,1,3325805811,3325.805811,255.83121623076926,12014.029045919406,2402.805809183881,139,695,124,124,13,39,65,1.8161190382670611e-06,4.90553077270306e-07,0,44.177562583994586,user_exit,/Users/flower/math/2026/B题/B/auto_practice_evidence/20260913-031559-be96189e,/Users/flower/math/2026/B题/B/auto_practice_evidence/20260913-031559-be96189e/002-1-run/robot-run/requests.jsonl,33,5,13,5
validation,4,full__g40,full,40.0,6,95,R58J-Z6MU-6YQN-ZDMA,114,3545186641289111786,11,7,4,11,1,5705927533,5705.927533,518.7206848181818,20234.63767295468,4046.927534590936,271,1355,249,249,0,0,55,-1.5909354260656983e-06,4.703562339614109e-07,0,52.95514404200367,user_exit,/Users/flower/math/2026/B题/B/auto_practice_evidence/20260913-031644-deffc1ac,/Users/flower/math/2026/B题/B/auto_practice_evidence/20260913-031644-deffc1ac/002-1-run/robot-run/requests.jsonl,8,0,0,7
validation,4,full__g80,full,80.0,6,96,EYWY-DG2B-5N23-FX3E,115,7961304520136910110,11,2,9,11,1,6295756811,6295.756811,572.3415282727273,22103.784054786025,4420.756810957205,307,1535,285,285,0,0,55,4.2795363697223365e-08,4.935129709338071e-07,0,55.45915574999526,user_exit,/Users/flower/math/2026/B题/B/auto_practice_evidence/20260913-031737-853725a7,/Users/flower/math/2026/B题/B/auto_practice_evidence/20260913-031737-853725a7/002-1-run/robot-run/requests.jsonl,12,0,0,5
validation,3,no_negative__g50,no_negative,50.0,7,97,QD62-J4RB-3MNK-QVJS,116,612186947778469932,10,10,0,10,1,2885640432,2885.640432,288.5640432,10628.20215886676,2125.640431773352,119,595,115,115,0,0,50,2.2664835341856815e-07,4.972721683316195e-07,0,40.056756167003186,user_exit,/Users/flower/math/2026/B题/B/auto_practice_evidence/20260913-031832-fd52321d,/Users/flower/math/2026/B题/B/auto_practice_evidence/20260913-031832-fd52321d/002-1-run/robot-run/requests.jsonl,6,7,0,3
validation,4,online_nearest__g35,online_nearest,35.0,7,98,UJ5M-YMMJ-9CXF-NWNE,117,8176700027903033814,12,0,12,12,1,6597818218,6597.818218,549.8181848333334,24049.09109406206,4809.818218812412,292,1460,268,268,0,0,60,-8.124115993268788e-07,4.861277602685732e-07,0,54.169231250009034,user_exit,/Users/flower/math/2026/B题/B/auto_practice_evidence/20260913-031913-3113fb59,/Users/flower/math/2026/B题/B/auto_practice_evidence/20260913-031913-3113fb59/002-1-run/robot-run/requests.jsonl,15,0,0,8
validation,3,full__g20,full,20.0,7,99,STWM-VXHJ-3275-H4UW,118,29466718383992559,16,16,0,16,1,3769783450,3769.78345,235.611465625,14798.91725778587,2959.783451557174,123,615,115,115,0,0,80,-1.5571740732411854e-06,4.862791485038542e-07,0,41.20248587499373,user_exit,/Users/flower/math/2026/B题/B/auto_practice_evidence/20260913-032007-8b6f66d1,/Users/flower/math/2026/B题/B/auto_practice_evidence/20260913-032007-8b6f66d1/002-1-run/robot-run/requests.jsonl,25,0,0,16
validation,4,full__g40,full,40.0,7,100,PPZV-A44V-WB87-BZA3,119,2694566617042321716,12,0,12,12,1,5986328340,5986.32834,498.860695,21696.641701739325,4339.328340347865,268,1340,244,244,1,3,60,-3.4786535252351314e-07,4.634519470414489e-07,0,52.53120787499938,user_exit,/Users/flower/math/2026/B题/B/auto_practice_evidence/20260913-032048-6b869fa3,/Users/flower/math/2026/B题/B/auto_practice_evidence/20260913-032048-6b869fa3/002-1-run/robot-run/requests.jsonl,14,0,0,8
validation,3,scan_then_service__g50,scan_then_service,50.0,7,101,TSZ9-4G28-XAGQ-5UCV,120,5954471600555921091,10,10,0,10,1,3636646658,3636.646658,363.6646658,14103.233284139393,2820.6466568278784,129,645,121,121,0,0,50,1.1721217560989317e-06,4.5466886433587206e-07,0,41.70457754097879,user_exit,/Users/flower/math/2026/B题/B/auto_practice_evidence/20260913-032141-c6453f34,/Users/flower/math/2026/B题/B/auto_practice_evidence/20260913-032141-c6453f34/002-1-run/robot-run/requests.jsonl,1,6,0,4
validation,4,scan_then_service__g35,scan_then_service,35.0,7,102,WCMN-G957-A26T-RBX7,121,6196862763348680381,12,7,5,12,1,7261012589,7261.012589,605.0843824166667,27500.062941346267,5500.012588269254,288,1440,261,261,0,0,60,7.30746251065284e-07,4.854564963352459e-07,0,54.02604016600526,user_exit,/Users/flower/math/2026/B题/B/auto_practice_evidence/20260913-032223-f300e4c7,/Users/flower/math/2026/B题/B/auto_practice_evidence/20260913-032223-f300e4c7/002-1-run/robot-run/requests.jsonl,6,0,0,10
validation,4,full__g80,full,80.0,7,103,KM33-C56N-2NUU-JK6Y,122,6933601037500277645,15,1,14,15,1,6445756720,6445.75672,429.7171146666667,24108.783610069044,4821.756722013809,261,1305,241,241,1,3,75,-2.0138086256338283e-06,4.946140990114145e-07,0,52.83614637498977,user_exit,/Users/flower/math/2026/B题/B/auto_practice_evidence/20260913-032317-fc50152d,/Users/flower/math/2026/B题/B/auto_practice_evidence/20260913-032317-fc50152d/002-1-run/robot-run/requests.jsonl,30,0,0,6
validation,4,no_negative__g35,no_negative,35.0,7,104,ENER-NANE-GV3S-D4F6,123,6167511699440657490,10,1,9,10,1,6094891321,6094.891321,609.4891321,21399.456601302198,4279.89132026044,298,1490,275,275,0,0,50,7.395601642201655e-07,4.929766390660006e-07,0,54.51028483401751,user_exit,/Users/flower/math/2026/B题/B/auto_practice_evidence/20260913-032410-41d44454,/Users/flower/math/2026/B题/B/auto_practice_evidence/20260913-032410-41d44454/002-1-run/robot-run/requests.jsonl,16,0,0,9
validation,3,no_share__g50,no_share,50.0,7,105,QXTW-43FG-YYJT-CJKS,124,9186183923042390782,10,10,0,10,1,3120340235,3120.340235,312.0340235,11936.701174783877,2387.3402349567755,114,570,107,107,2,6,50,4.322464519646019e-08,4.867343079695274e-07,0,41.03411941701779,user_exit,/Users/flower/math/2026/B题/B/auto_practice_evidence/20260913-032505-af01ab7f,/Users/flower/math/2026/B题/B/auto_practice_evidence/20260913-032505-af01ab7f/002-1-run/robot-run/requests.jsonl,0,4,0,8
validation,3,full__g80,full,80.0,7,106,A5M7-5TCS-ZMXQ-7693,125,7255075981136747461,10,10,0,10,1,2927779658,2927.779658,292.7779658,10948.898293647273,2189.7796587294547,116,580,108,108,0,0,50,-7.294547685887665e-07,4.993934226149577e-07,0,39.89069583400851,user_exit,/Users/flower/math/2026/B题/B/auto_practice_evidence/20260913-032546-148b5229,/Users/flower/math/2026/B题/B/auto_practice_evidence/20260913-032546-148b5229/002-1-run/robot-run/requests.jsonl,7,7,0,3
validation,3,nearest_sensing__g50,nearest_sensing,50.0,7,107,VUYY-C658-43T4-JFR3,126,7266949792113378427,12,12,0,12,1,3557756379,3557.756379,296.47969825,12928.781883963607,2585.7563767927213,138,690,126,126,32,96,60,2.20727861233172e-06,4.826745865216253e-07,0,45.57867499999702,user_exit,/Users/flower/math/2026/B题/B/auto_practice_evidence/20260913-032626-51eafa4f,/Users/flower/math/2026/B题/B/auto_practice_evidence/20260913-032626-51eafa4f/002-1-run/robot-run/requests.jsonl,20,2,32,4
validation,4,full__g20,full,20.0,7,108,ADJJ-RHX5-J4CM-X8C9,127,4627006216488146013,11,10,1,11,1,5897042418,5897.042418,536.0947652727273,21410.212097454958,4282.042419490992,264,1320,240,240,0,0,55,-1.490991962782573e-06,4.787335114997404e-07,0,53.32263862498803,user_exit,/Users/flower/math/2026/B题/B/auto_practice_evidence/20260913-032712-810d67a2,/Users/flower/math/2026/B题/B/auto_practice_evidence/20260913-032712-810d67a2/002-1-run/robot-run/requests.jsonl,11,0,0,11
validation,3,online_nearest__g50,online_nearest,50.0,7,109,ZECD-F7FS-WBZU-FH5U,128,3159411798138379886,15,15,0,15,1,3941168523,3941.168523,262.7445682,15845.842611568194,3169.1685223136387,118,590,107,107,0,0,75,6.863610906293616e-07,4.8124340423783e-07,0,41.66074387502158,user_exit,/Users/flower/math/2026/B题/B/auto_practice_evidence/20260913-032805-1ec00827,/Users/flower/math/2026/B题/B/auto_practice_evidence/20260913-032805-1ec00827/002-1-run/robot-run/requests.jsonl,28,6,0,9
validation,4,no_share__g35,no_share,35.0,7,110,82ED-BMMF-U8CR-6RFB,129,917354135260175061,11,8,3,11,1,6015822007,6015.822007,546.8929097272727,21124.110040867647,4224.822008173529,293,1465,271,271,0,0,55,-1.1735291991499253e-06,4.993827502630666e-07,0,56.770488041016506,user_exit,/Users/flower/math/2026/B题/B/auto_practice_evidence/20260913-032847-21c3f5ab,/Users/flower/math/2026/B题/B/auto_practice_evidence/20260913-032847-21c3f5ab/002-1-run/robot-run/requests.jsonl,0,0,0,9
validation,4,full__g35,full,35.0,7,111,J7N7-R4MP-7EAD-CEKS,130,5997919512923716456,14,2,12,14,1,6427008673,6427.008673,459.0720480714286,23415.043365548463,4683.008673109693,283,1415,259,259,0,0,70,-1.0969233699142933e-07,4.990355222389553e-07,0,54.09719233299256,user_exit,/Users/flower/math/2026/B题/B/auto_practice_evidence/20260913-032944-60d94b11,/Users/flower/math/2026/B题/B/auto_practice_evidence/20260913-032944-60d94b11/002-1-run/robot-run/requests.jsonl,11,0,0,10
validation,3,full__g50,full,50.0,7,112,V8KU-NTAH-RJM7-THUB,131,683676130956809920,13,13,0,13,1,3061618964,3061.618964,235.50915107692305,11123.09482161652,2224.6189643233038,130,650,122,122,0,0,65,-3.233039933547843e-07,4.988601602917697e-07,0,42.81190274999244,user_exit,/Users/flower/math/2026/B题/B/auto_practice_evidence/20260913-033038-5d7e3499,/Users/flower/math/2026/B题/B/auto_practice_evidence/20260913-033038-5d7e3499/002-1-run/robot-run/requests.jsonl,27,5,0,8
validation,3,no_share__g50,no_share,50.0,8,113,9ES5-4Z62-MRW9-FPQX,132,3358950133058573985,15,15,0,15,1,3209775101,3209.775101,213.98500673333334,12903.87550864964,2580.775101729928,93,465,89,89,0,0,75,-7.299277058336884e-07,4.875981431951004e-07,0,40.683944124990376,user_exit,/Users/flower/math/2026/B题/B/auto_practice_evidence/20260913-033121-7fbb8570,/Users/flower/math/2026/B题/B/auto_practice_evidence/20260913-033121-7fbb8570/002-1-run/robot-run/requests.jsonl,0,10,0,5
validation,3,online_nearest__g50,online_nearest,50.0,8,114,SMWU-J6TC-FUA5-SC9H,133,3789723067512497068,16,16,0,16,1,3422076493,3422.076493,213.8797808125,13820.382463707441,2764.0764927414884,98,490,88,88,0,0,80,2.585115908004809e-07,4.712078975899203e-07,0,40.7516863750061,user_exit,/Users/flower/math/2026/B题/B/auto_practice_evidence/20260913-033202-4c0ca576,/Users/flower/math/2026/B题/B/auto_practice_evidence/20260913-033202-4c0ca576/002-1-run/robot-run/requests.jsonl,21,9,0,7
validation,4,full__g20,full,20.0,8,115,T9VV-9RF4-N5E9-ZV2R,134,2947340989423581493,13,10,3,13,1,6028424600,6028.4246,463.72496923076926,21882.1230105423,4376.42460210846,268,1340,247,247,0,0,65,-2.108459739247337e-06,4.865339064963337e-07,0,54.95873554199352,user_exit,/Users/flower/math/2026/B题/B/auto_practice_evidence/20260913-033243-1aa20085,/Users/flower/math/2026/B题/B/auto_practice_evidence/20260913-033243-1aa20085/002-1-run/robot-run/requests.jsonl,17,0,0,13
validation,3,nearest_sensing__g50,nearest_sensing,50.0,8,116,T58U-A6KA-JRP5-DPAA,135,8621026868125266291,14,14,0,14,1,3326851747,3326.851747,237.63226764285716,12489.258735722218,2497.851747144444,124,620,115,115,8,24,70,-1.4444367479882203e-07,4.769163162166024e-07,0,42.37383679198683,user_exit,/Users/flower/math/2026/B题/B/auto_practice_evidence/20260913-033338-4c56a337,/Users/flower/math/2026/B题/B/auto_practice_evidence/20260913-033338-4c56a337/002-1-run/robot-run/requests.jsonl,28,7,7,6
validation,3,scan_then_service__g50,scan_then_service,50.0,8,117,UH2V-95AZ-ES3T-A89E,136,8928518169960137028,10,10,0,10,1,3739993923,3739.993923,373.9993923,14974.969610624845,2994.993922124969,117,585,110,110,0,0,50,8.750312190386467e-07,4.622946221388702e-07,0,41.87353008298669,user_exit,/Users/flower/math/2026/B题/B/auto_practice_evidence/20260913-033421-88daf3ce,/Users/flower/math/2026/B题/B/auto_practice_evidence/20260913-033421-88daf3ce/002-1-run/robot-run/requests.jsonl,1,6,0,4
validation,3,full__g50,full,50.0,8,118,X2ZM-AZPT-3JMD-7RNA,137,6632723836883929673,14,14,0,14,1,3829452331,3829.452331,273.5323093571429,15157.261666168031,3031.452333233606,123,615,113,113,0,0,70,-2.233606210211292e-06,4.986037822618528e-07,0,42.83698712501791,user_exit,/Users/flower/math/2026/B题/B/auto_practice_evidence/20260913-033503-3c641fda,/Users/flower/math/2026/B题/B/auto_practice_evidence/20260913-033503-3c641fda/002-1-run/robot-run/requests.jsonl,18,7,0,7
validation,3,no_negative__g50,no_negative,50.0,8,119,QXWA-6K9A-83VX-CUHM,138,3335503894995609554,15,15,0,15,1,3259969400,3259.9694,217.33129333333332,12779.846986673529,2555.9693973347057,106,530,96,96,1,3,75,2.665294232429005e-06,4.891935816431214e-07,0,41.553089749999344,user_exit,/Users/flower/math/2026/B题/B/auto_practice_evidence/20260913-033546-47e467ac,/Users/flower/math/2026/B题/B/auto_practice_evidence/20260913-033546-47e467ac/002-1-run/robot-run/requests.jsonl,18,5,0,11
validation,4,full__g35,full,35.0,8,120,5WY6-PHUV-GGBE-6T4K,139,6986661120003052259,12,4,8,12,1,6545911652,6545.911652,545.4926376666666,23034.558268553024,4606.911653710605,317,1585,294,294,0,0,60,-1.7106049199355766e-06,4.895663696657948e-07,0,58.16330012501567,user_exit,/Users/flower/math/2026/B题/B/auto_practice_evidence/20260913-033628-0449c507,/Users/flower/math/2026/B题/B/auto_practice_evidence/20260913-033628-0449c507/002-1-run/robot-run/requests.jsonl,14,0,0,10
validation,4,scan_then_service__g35,scan_then_service,35.0,8,121,SARU-2Z2H-JAGM-UFN2,140,3886620366541352104,15,13,2,15,1,6785434213,6785.434213,452.3622808666667,27437.171071754645,5487.434214350929,207,1035,188,188,0,0,75,-1.3509288692148402e-06,4.870376812959876e-07,0,49.21512145799352,user_exit,/Users/flower/math/2026/B题/B/auto_practice_evidence/20260913-033726-84cba5bc,/Users/flower/math/2026/B题/B/auto_practice_evidence/20260913-033726-84cba5bc/002-1-run/robot-run/requests.jsonl,0,0,0,14
validation,4,no_negative__g35,no_negative,35.0,8,122,PYX3-KQKW-FMD5-MMHK,141,885147360265617454,16,8,8,16,1,6177215739,6177.215739,386.0759836875,23186.078698515175,4637.215739703035,248,1240,220,220,0,0,80,-7.030348569969647e-07,4.986714472465792e-07,0,53.33386574999895,user_exit,/Users/flower/math/2026/B题/B/auto_practice_evidence/20260913-033815-b13bc30a,/Users/flower/math/2026/B题/B/auto_practice_evidence/20260913-033815-b13bc30a/002-1-run/robot-run/requests.jsonl,25,0,0,15
validation,4,full__g80,full,80.0,8,123,GJCK-8DPC-AZ6P-E6MK,142,1070960327287458978,14,13,1,14,1,5612688978,5612.688978,400.9063555714286,20323.444883098822,4064.6889766197646,250,1250,225,225,1,3,70,1.3802355169900693e-06,4.914545854717289e-07,0,53.65034737501992,user_exit,/Users/flower/math/2026/B题/B/auto_practice_evidence/20260913-033909-86ef1e30,/Users/flower/math/2026/B题/B/auto_practice_evidence/20260913-033909-86ef1e30/002-1-run/robot-run/requests.jsonl,21,0,0,8
validation,3,full__g20,full,20.0,8,124,68AH-9BM9-V28X-BJAD,143,2372957114520082574,14,14,0,14,1,3403650421,3403.650421,243.1178872142857,12238.252115302843,2447.6504230605688,149,745,141,141,0,0,70,-2.0605689314834308e-06,4.975590286449005e-07,0,45.97819054199499,user_exit,/Users/flower/math/2026/B题/B/auto_practice_evidence/20260913-034003-e98e9d25,/Users/flower/math/2026/B题/B/auto_practice_evidence/20260913-034003-e98e9d25/002-1-run/robot-run/requests.jsonl,37,0,0,14
validation,4,full__g40,full,40.0,8,125,7QTD-FKKQ-4XNN-M6GS,144,3748165091247120975,16,11,5,16,1,5623132780,5623.13278,351.44579875,20785.663908450624,4157.132781690125,234,1170,216,216,0,0,80,-1.6901249182410538e-06,4.772677186792862e-07,0,52.00126679200912,user_exit,/Users/flower/math/2026/B题/B/auto_practice_evidence/20260913-034049-d3c1e07a,/Users/flower/math/2026/B题/B/auto_practice_evidence/20260913-034049-d3c1e07a/002-1-run/robot-run/requests.jsonl,23,0,0,12
validation,3,full__g80,full,80.0,8,126,Q24P-7VWK-5XGV-48NG,145,6402747492377015209,16,16,0,16,1,3734831675,3734.831675,233.4269796875,14929.158379795183,2985.8316759590366,113,565,104,104,0,0,80,-9.590366971679032e-07,4.814392227103781e-07,0,42.39718637499027,user_exit,/Users/flower/math/2026/B题/B/auto_practice_evidence/20260913-034141-998d4f05,/Users/flower/math/2026/B题/B/auto_practice_evidence/20260913-034141-998d4f05/002-1-run/robot-run/requests.jsonl,29,9,0,7
validation,4,no_share__g35,no_share,35.0,8,127,3CRU-RE4N-2546-SD5K,146,7648760119974290911,15,12,3,15,1,5700613612,5700.613612,380.0409074666667,22028.06806968331,4405.613613936663,206,1030,187,187,1,3,75,-1.9366625565453433e-06,4.7524588353553554e-07,0,49.23690666700713,user_exit,/Users/flower/math/2026/B题/B/auto_practice_evidence/20260913-034224-0fa88ee2,/Users/flower/math/2026/B题/B/auto_practice_evidence/20260913-034224-0fa88ee2/002-1-run/robot-run/requests.jsonl,0,0,0,11
validation,4,online_nearest__g35,online_nearest,35.0,8,128,B6MC-G3FW-6WS2-4EZS,147,1816581310218819255,12,11,1,12,1,5854957475,5854.957475,487.9131229166667,21874.787377691966,4374.957475538393,240,1200,220,220,0,0,60,-5.383926691138186e-07,4.7482231479989423e-07,0,53.6760666250193,user_exit,/Users/flower/math/2026/B题/B/auto_practice_evidence/20260913-034313-1873c938,/Users/flower/math/2026/B题/B/auto_practice_evidence/20260913-034313-1873c938/002-1-run/robot-run/requests.jsonl,25,0,0,10
validation,4,no_share__g35,no_share,35.0,9,129,G87R-25DB-AMC3-FP7J,148,2754830728622552044,13,7,6,13,1,6466575616,6466.575616,497.4288935384615,24202.87807181038,4840.5756143620765,264,1320,241,241,0,0,65,1.6379235603380948e-06,4.7526104651751666e-07,0,55.68460995799978,user_exit,/Users/flower/math/2026/B题/B/auto_practice_evidence/20260913-034407-e8f111ce,/Users/flower/math/2026/B题/B/auto_practice_evidence/20260913-034407-e8f111ce/002-1-run/robot-run/requests.jsonl,0,0,0,11
validation,4,full__g20,full,20.0,9,130,6Q8Z-GX5R-SE2A-QZZH,149,5768387603455324631,14,1,13,14,1,6983579955,6983.579955,498.82713964285716,25082.899775614733,5016.579955122947,321,1605,292,292,0,0,70,-1.229464032803662e-07,4.928950119165165e-07,0,59.18082954199053,user_exit,/Users/flower/math/2026/B题/B/auto_practice_evidence/20260913-034503-33ab3303,/Users/flower/math/2026/B题/B/auto_practice_evidence/20260913-034503-33ab3303/002-1-run/robot-run/requests.jsonl,16,0,0,14
validation,4,no_negative__g35,no_negative,35.0,9,131,VMD5-CH3S-66ZX-J5DG,150,2971424411932923853,16,7,9,16,1,5978405348,5978.405348,373.65033425,23562.026756154846,4712.405351230969,200,1000,186,186,0,0,80,-3.2309690141119063e-06,4.852877282246482e-07,0,51.31711233401438,user_exit,/Users/flower/math/2026/B题/B/auto_practice_evidence/20260913-034602-17bf09cf,/Users/flower/math/2026/B题/B/auto_practice_evidence/20260913-034602-17bf09cf/002-1-run/robot-run/requests.jsonl,16,0,0,11
validation,3,scan_then_service__g50,scan_then_service,50.0,9,132,YTJE-CT4J-5Z84-42KY,151,1353331836695015949,16,16,0,16,1,4111946198,4111.946198,256.996637375,17099.730990606982,3419.9461981213963,103,515,97,97,0,0,80,-1.2139662430854514e-07,4.893225593605166e-07,0,43.255946624994976,user_exit,/Users/flower/math/2026/B题/B/auto_practice_evidence/20260913-034654-5ec86517,/Users/flower/math/2026/B题/B/auto_practice_evidence/20260913-034654-5ec86517/002-1-run/robot-run/requests.jsonl,1,9,0,7
validation,3,full__g80,full,80.0,9,133,EATB-R3EZ-RJGR-T83W,152,4990774409453316275,10,10,0,10,1,2897170553,2897.170553,289.71705529999997,10520.85275135211,2104.1705502704217,125,625,118,118,0,0,50,2.7295782274450175e-06,4.855108528545315e-07,0,44.124686334020225,user_exit,/Users/flower/math/2026/B题/B/auto_practice_evidence/20260913-034737-c3d5cad2,/Users/flower/math/2026/B题/B/auto_practice_evidence/20260913-034737-c3d5cad2/002-1-run/robot-run/requests.jsonl,12,6,0,4
validation,3,full__g50,full,50.0,9,134,XEWK-BCN9-USJQ-GJYM,153,159744532150085162,13,13,0,13,1,3217629294,3217.629294,247.50994569230767,12363.146469578534,2472.629293915707,115,575,105,105,0,0,65,8.429287845501676e-08,4.973803271468569e-07,0,43.67966729099862,user_exit,/Users/flower/math/2026/B题/B/auto_practice_evidence/20260913-034821-4620c948,/Users/flower/math/2026/B题/B/auto_practice_evidence/20260913-034821-4620c948/002-1-run/robot-run/requests.jsonl,14,7,0,6
validation,4,online_nearest__g35,online_nearest,35.0,9,135,KGPU-S4CH-7H38-BPDY,154,4502478503169474878,13,9,4,13,1,6563389894,6563.389894,504.87614569230766,24411.94946251774,4882.389892503548,273,1365,251,251,0,0,65,1.4964516594773158e-06,4.969073472693708e-07,0,57.025483582983725,user_exit,/Users/flower/math/2026/B题/B/auto_practice_evidence/20260913-034905-9b0ca03a,/Users/flower/math/2026/B题/B/auto_practice_evidence/20260913-034905-9b0ca03a/002-1-run/robot-run/requests.jsonl,18,0,0,10
validation,3,no_share__g50,no_share,50.0,9,136,T753-PMK3-9T5Q-BJXV,155,7923265498991154120,16,16,0,16,1,3658624571,3658.624571,228.6640356875,14853.122846174447,2970.6245692348893,102,510,98,98,0,0,80,1.7651104826654773e-06,4.995975757537963e-07,0,42.52358362500672,user_exit,/Users/flower/math/2026/B题/B/auto_practice_evidence/20260913-035003-6353ee7c,/Users/flower/math/2026/B题/B/auto_practice_evidence/20260913-035003-6353ee7c/002-1-run/robot-run/requests.jsonl,0,8,0,8
validation,4,full__g40,full,40.0,9,137,RBRJ-7596-7Y6Q-UGFY,156,1724482328439660630,14,4,10,14,1,6740769142,6740.769142,481.48351014285714,24863.845713582657,4972.769142716532,287,1435,263,263,0,0,70,-7.165317583712749e-07,4.968017321971274e-07,0,56.483917250006925,user_exit,/Users/flower/math/2026/B题/B/auto_practice_evidence/20260913-035045-2c1c07f3,/Users/flower/math/2026/B题/B/auto_practice_evidence/20260913-035045-2c1c07f3/002-1-run/robot-run/requests.jsonl,23,0,0,7
validation,4,full__g80,full,80.0,9,138,KSJE-REKA-6TGU-6EYM,157,3859895531209429048,13,8,5,13,1,5928184053,5928.184053,456.01415792307694,21750.920275010638,4350.184055002128,256,1280,233,233,0,0,65,-2.0021279851789586e-06,4.986960533415186e-07,0,53.81313054199563,user_exit,/Users/flower/math/2026/B题/B/auto_practice_evidence/20260913-035142-afccb4db,/Users/flower/math/2026/B题/B/auto_practice_evidence/20260913-035142-afccb4db/002-1-run/robot-run/requests.jsonl,12,0,0,7
validation,4,scan_then_service__g35,scan_then_service,35.0,9,139,6TWG-RKUN-TQ2P-E99K,158,3623598840287292012,14,4,10,14,1,7077981271,7077.981271,505.5700907857143,27199.906363610753,5439.981272722151,264,1320,248,248,0,0,70,-1.722150955174584e-06,4.984966324173001e-07,0,55.32606754201697,user_exit,/Users/flower/math/2026/B题/B/auto_practice_evidence/20260913-035236-7d21b7fa,/Users/flower/math/2026/B题/B/auto_practice_evidence/20260913-035236-7d21b7fa/002-1-run/robot-run/requests.jsonl,0,0,0,12
validation,3,full__g20,full,20.0,9,140,N7H8-Q5U8-EYFW-JR7B,159,6794819310588814167,14,14,0,14,1,3302627376,3302.627376,235.90195542857143,12833.136886338289,2566.6273772676577,112,560,106,106,0,0,70,-1.2676578080572654e-06,4.933430091114133e-07,0,44.8234774589946,user_exit,/Users/flower/math/2026/B题/B/auto_practice_evidence/20260913-035331-49110979,/Users/flower/math/2026/B题/B/auto_practice_evidence/20260913-035331-49110979/002-1-run/robot-run/requests.jsonl,14,0,0,14
validation,3,no_negative__g50,no_negative,50.0,9,141,PNPW-EMQS-GJCT-FXNS,160,4239683295015674061,10,10,0,10,1,2980813225,2980.813225,298.0813225,11154.066125762165,2230.813225152433,118,590,110,110,0,0,50,-1.5243313100654632e-07,4.364078165508545e-07,0,43.984510957991006,user_exit,/Users/flower/math/2026/B题/B/auto_practice_evidence/20260913-035416-746ea171,/Users/flower/math/2026/B题/B/auto_practice_evidence/20260913-035416-746ea171/002-1-run/robot-run/requests.jsonl,15,4,0,6
validation,3,online_nearest__g50,online_nearest,50.0,9,142,BZDW-U8YZ-A57K-39YJ,161,6897863494528960266,15,15,0,15,1,3994519238,3994.519238,266.30128253333334,16297.59619890053,3259.519239780106,112,560,100,100,0,0,75,-1.7801062313083094e-06,4.91539111635575e-07,0,44.428930083988234,user_exit,/Users/flower/math/2026/B题/B/auto_practice_evidence/20260913-035501-1550af83,/Users/flower/math/2026/B题/B/auto_practice_evidence/20260913-035501-1550af83/002-1-run/robot-run/requests.jsonl,19,8,0,7
validation,3,nearest_sensing__g50,nearest_sensing,50.0,9,143,GBRP-EHGE-Q3U8-BCUV,162,514615664173551218,10,10,0,10,1,3451990900,3451.9909,345.19908999999996,12409.954504925954,2481.990900985191,143,715,133,133,24,72,50,-9.851910363067873e-07,4.364871983852936e-07,0,49.6653038749937,user_exit,/Users/flower/math/2026/B题/B/auto_practice_evidence/20260913-035545-7e457003,/Users/flower/math/2026/B题/B/auto_practice_evidence/20260913-035545-7e457003/002-1-run/robot-run/requests.jsonl,21,4,24,1
validation,4,full__g35,full,35.0,9,144,U73G-QSC7-7NAS-US54,163,3186650244058253608,12,2,10,12,1,6612494971,6612.494971,551.0412475833333,23742.474845471592,4748.494969094319,305,1525,279,279,0,0,60,1.9056815290241502e-06,4.978661962695696e-07,0,59.676997250004206,user_exit,/Users/flower/math/2026/B题/B/auto_practice_evidence/20260913-035635-7fe73004,/Users/flower/math/2026/B题/B/auto_practice_evidence/20260913-035635-7fe73004/002-1-run/robot-run/requests.jsonl,8,0,0,9
validation,3,full__g80,full,80.0,10,145,8VRJ-6GA8-JWRK-VKMU,164,87730529849350583,11,11,0,11,1,3115634203,3115.634203,283.23947300000003,11858.1710245134,2371.63420490268,116,580,109,109,0,0,55,-1.9026797417609487e-06,4.060879064127221e-07,0,43.47126137500163,user_exit,/Users/flower/math/2026/B题/B/auto_practice_evidence/20260913-035735-e7532c20,/Users/flower/math/2026/B题/B/auto_practice_evidence/20260913-035735-e7532c20/002-1-run/robot-run/requests.jsonl,14,6,0,5
validation,4,no_share__g35,no_share,35.0,10,146,CJ84-4BZZ-8GAZ-ABXG,165,7121892067975505958,13,0,13,13,1,6209277768,6209.277768,477.63675138461537,22906.388848504874,4581.277769700975,264,1320,240,240,1,3,65,-1.7009751900332049e-06,4.875213672761447e-07,0,55.71656983401044,user_exit,/Users/flower/math/2026/B题/B/auto_practice_evidence/20260913-035819-f674b429,/Users/flower/math/2026/B题/B/auto_practice_evidence/20260913-035819-f674b429/002-1-run/robot-run/requests.jsonl,0,0,0,9
validation,3,full__g50,full,50.0,10,147,S3ME-H697-XR6A-QHHS,166,1383116805627868652,13,13,0,13,1,3246047046,3246.047046,249.69592661538462,12505.23524164574,2501.047048329148,114,570,107,107,1,3,65,-2.3291477191378362e-06,4.907623605276967e-07,0,44.48675637500128,user_exit,/Users/flower/math/2026/B题/B/auto_practice_evidence/20260913-035915-dd152075,/Users/flower/math/2026/B题/B/auto_practice_evidence/20260913-035915-dd152075/002-1-run/robot-run/requests.jsonl,17,4,0,10
validation,4,no_negative__g35,no_negative,35.0,10,148,CGK7-5GSH-8HB8-FNQ4,167,5351073607879225602,15,8,7,15,1,6375462856,6375.462856,425.03085706666667,23972.314284591514,4794.462856918302,255,1275,231,231,0,0,75,-9.183022484648973e-07,4.882314819099065e-07,0,57.0556932920008,user_exit,/Users/flower/math/2026/B题/B/auto_practice_evidence/20260913-035959-26ea5adf,/Users/flower/math/2026/B题/B/auto_practice_evidence/20260913-035959-26ea5adf/002-1-run/robot-run/requests.jsonl,26,0,0,11
validation,4,full__g35,full,35.0,10,149,FM5V-5H88-XE9Q-57Z7,168,2224208719373506009,10,8,2,10,1,5685942874,5685.942874,568.5942874,19549.71436469892,3909.942872939784,291,1455,271,271,0,0,50,1.060216163750738e-06,4.556614925377289e-07,0,58.77367533301003,user_exit,/Users/flower/math/2026/B题/B/auto_practice_evidence/20260913-040056-3a600c46,/Users/flower/math/2026/B题/B/auto_practice_evidence/20260913-040056-3a600c46/002-1-run/robot-run/requests.jsonl,10,0,0,7
validation,4,full__g40,full,40.0,10,150,DMER-79EW-YQYV-JC5M,169,8807911737711788009,13,6,7,13,1,6040525648,6040.525648,464.6558190769231,22452.628248698584,4490.525649739717,251,1255,230,230,0,0,65,-1.7397169358446263e-06,4.853608999155767e-07,0,56.90327324997634,user_exit,/Users/flower/math/2026/B题/B/auto_practice_evidence/20260913-040155-2323c921,/Users/flower/math/2026/B题/B/auto_practice_evidence/20260913-040155-2323c921/002-1-run/robot-run/requests.jsonl,13,0,0,10
validation,3,online_nearest__g50,online_nearest,50.0,10,151,RP3H-ZTGD-K8VU-2YBS,170,7719181314043202114,14,14,0,14,1,3050641104,3050.641104,217.90293599999998,11688.205505926417,2337.6411011852833,109,545,98,98,0,0,70,2.8147164812253322e-06,4.803796826990947e-07,0,44.31920079200063,user_exit,/Users/flower/math/2026/B题/B/auto_practice_evidence/20260913-040253-f27624d0,/Users/flower/math/2026/B题/B/auto_practice_evidence/20260913-040253-f27624d0/002-1-run/robot-run/requests.jsonl,25,6,0,8
validation,3,no_share__g50,no_share,50.0,10,152,YE7J-BMED-GG8F-VVSA,171,1618929858254335114,12,12,0,12,1,3162136390,3162.13639,263.51136583333334,12430.681941258452,2486.1363882516903,103,515,101,101,0,0,60,1.748309841786977e-06,4.7262292923733185e-07,0,44.3387709579838,user_exit,/Users/flower/math/2026/B题/B/auto_practice_evidence/20260913-040337-b8344a37,/Users/flower/math/2026/B题/B/auto_practice_evidence/20260913-040337-b8344a37/002-1-run/robot-run/requests.jsonl,0,7,0,5
validation,3,nearest_sensing__g50,nearest_sensing,50.0,10,153,QTFJ-CS33-6Q9U-DYJP,172,4537992518602844930,11,11,0,11,1,3623382884,3623.382884,329.398444,13466.91440040857,2693.382880081714,131,655,118,118,34,102,55,3.918285983672831e-06,4.826028003890315e-07,0,48.331949957995676,user_exit,/Users/flower/math/2026/B题/B/auto_practice_evidence/20260913-040422-1d177c36,/Users/flower/math/2026/B题/B/auto_practice_evidence/20260913-040422-1d177c36/002-1-run/robot-run/requests.jsonl,10,4,33,3
validation,3,scan_then_service__g50,scan_then_service,50.0,10,154,BB8A-EFTE-8U3W-FGPJ,173,2346682046518180603,13,13,0,13,1,3737920593,3737.920593,287.5323533076923,14894.602967756658,2978.920593551332,117,585,109,109,0,0,65,-5.51332050235942e-07,4.866820120241755e-07,0,44.741305500007,user_exit,/Users/flower/math/2026/B题/B/auto_practice_evidence/20260913-040510-13537c63,/Users/flower/math/2026/B题/B/auto_practice_evidence/20260913-040510-13537c63/002-1-run/robot-run/requests.jsonl,0,8,0,5
validation,3,full__g20,full,20.0,10,155,V7E7-7XET-Y4PS-PBNU,174,1456556382611409521,10,10,0,10,1,2898097308,2898.097308,289.8097308,10535.486546879996,2107.0973093759994,125,625,116,116,0,0,50,-1.3759995454165619e-06,4.979157495199615e-07,0,45.58736141701229,user_exit,/Users/flower/math/2026/B题/B/auto_practice_evidence/20260913-040555-8fdeca7e,/Users/flower/math/2026/B题/B/auto_practice_evidence/20260913-040555-8fdeca7e/002-1-run/robot-run/requests.jsonl,10,0,0,10
validation,4,scan_then_service__g35,scan_then_service,35.0,10,156,K9X2-KPS2-AAYN-CS74,175,5090077533515829549,16,3,13,16,1,6235509831,6235.509831,389.7193644375,24157.54914691487,4831.509829382974,224,1120,204,204,0,0,80,1.6170261005754583e-06,4.7355268861792865e-07,0,54.456593958020676,user_exit,/Users/flower/math/2026/B题/B/auto_practice_evidence/20260913-040641-2fcda3b1,/Users/flower/math/2026/B题/B/auto_practice_evidence/20260913-040641-2fcda3b1/002-1-run/robot-run/requests.jsonl,15,0,0,10
validation,4,full__g80,full,80.0,10,157,TDKT-J56G-7UWQ-D26Q,176,7461422335976160395,15,7,8,15,1,5800843019,5800.843019,386.7228679333333,21729.21509992367,4345.8430199847335,234,1170,210,210,0,0,75,-9.847335604717955e-07,4.994076618913823e-07,0,56.34602429199731,user_exit,/Users/flower/math/2026/B题/B/auto_practice_evidence/20260913-040735-44e7241c,/Users/flower/math/2026/B题/B/auto_practice_evidence/20260913-040735-44e7241c/002-1-run/robot-run/requests.jsonl,19,0,0,11
validation,3,no_negative__g50,no_negative,50.0,10,158,B3MU-ACMK-JHYF-QVUG,177,9010930902562766225,12,12,0,12,1,3168323416,3168.323416,264.02695133333333,12076.617068921461,2415.3234137842924,116,580,110,110,1,3,60,2.2157078092277516e-06,4.7224622790054127e-07,0,46.05702599999495,user_exit,/Users/flower/math/2026/B题/B/auto_practice_evidence/20260913-040832-ea8f03ee,/Users/flower/math/2026/B题/B/auto_practice_evidence/20260913-040832-ea8f03ee/002-1-run/robot-run/requests.jsonl,14,6,0,7
validation,4,online_nearest__g35,online_nearest,35.0,10,159,DMB2-BBDY-CHNR-5XSM,178,9047884854940805192,16,6,10,16,1,5488845375,5488.845375,343.0528359375,20229.226852471667,4045.8453704943336,231,1155,208,208,0,0,80,4.505666765908245e-06,4.949219203354005e-07,0,55.71122345898766,user_exit,/Users/flower/math/2026/B题/B/auto_practice_evidence/20260913-040918-ba8adf59,/Users/flower/math/2026/B题/B/auto_practice_evidence/20260913-040918-ba8adf59/002-1-run/robot-run/requests.jsonl,14,0,0,10
validation,4,full__g20,full,20.0,10,160,4DRS-BP5X-YFR4-XUQH,179,2857463851368791238,10,7,3,10,1,5818909441,5818.909441,581.8909441,20319.547205882085,4063.909441176417,288,1440,265,265,0,0,50,-1.764174157870002e-07,4.885518194441829e-07,0,57.79593724998995,user_exit,/Users/flower/math/2026/B题/B/auto_practice_evidence/20260913-041014-ef749175,/Users/flower/math/2026/B题/B/auto_practice_evidence/20260913-041014-ef749175/002-1-run/robot-run/requests.jsonl,5,0,0,10
