problem,category,strategy,runs,all_cleared_rate,min_clear_fraction,mean_total_s,p95_total_s,max_total_s,mean_per_source_s,max_per_source_s,mean_commands,max_commands,mean_move_m,mean_measurements,mean_clear_calls,mean_switches,mean_wall_s,max_wall_s,cpu_s_sum,exception_count
3,minimum_radius,active_2opt,7,1.0,1.0,9978.962337714287,10536.197504,10571.071517,813.4800796598973,982.2840679000001,248.85714285714286,286,42649.81169300555,234.42857142857142,12.428571428571429,214.71428571428572,0.14016413684501977,0.19685529096750543,0.9802939999999971,0
3,near_collinear,active_2opt,6,1.0,1.0,9420.832009166666,10275.05097275,10472.445943,717.7573796655755,938.9566671,196.16666666666666,256,41470.8267105952,180.66666666666666,13.5,155.83333333333334,0.1758270486704229,0.20405891694827005,1.053917000000002,0
3,outward_boundary,active_2opt,6,1.0,1.0,9566.758017166665,9947.15839175,9960.818145,752.1147800989844,844.2091741818182,281.6666666666667,298,39602.95674921632,266.8333333333333,12.833333333333334,247.83333333333334,0.16375480567997633,0.19139175000600517,0.981500999999998,0
3,random,active_2opt,20,1.0,1.0,9940.0795296,10645.039040149999,11106.223136,792.7446093915806,979.1520439,227.75,274,43105.14764668826,212.9,12.85,190.3,0.16427396655199117,0.21729170804610476,3.278256999999999,0
3,smooth_noise,active_2opt,3,1.0,1.0,10226.120857666667,10442.6809286,10451.742005,739.3032307388888,863.4276034166666,218.66666666666666,243,44807.2709465377,202.66666666666666,14.0,181.33333333333334,0.16104040298766145,0.17601150000700727,0.48251599999999684,0
3,truncated_bearing,active_2opt,3,1.0,1.0,10169.266777666668,10430.6039372,10471.296511,710.4010067015873,747.9497507857143,198.33333333333334,203,45144.66722240794,182.0,14.333333333333334,158.66666666666666,0.18399770833396664,0.19797262497013435,0.5512200000000007,0
3,unknown_count,active_2opt,7,1.0,1.0,9576.989101,10297.1229749,10336.446908,757.8591517361002,938.4062593000001,231.57142857142858,273,41174.23122064716,216.57142857142858,13.0,194.28571428571428,0.16242448213909352,0.20487104199128225,1.1355369999999958,0
3,worst_alternating,active_2opt,3,1.0,1.0,9369.992992333335,10131.0890364,10190.72701,719.7076904597221,959.4347273999999,247.66666666666666,260,39643.29829047791,232.0,13.666666666666666,213.0,0.1461647079947094,0.175852540996857,0.438048000000002,0
3,worst_minus,active_2opt,3,1.0,1.0,9045.157433,9513.2160425,9523.725855,773.5604632234848,952.3725855,247.0,277,38020.78716880292,232.66666666666666,12.333333333333334,216.0,0.12907937531902766,0.15680695796618238,0.3868369999999999,0
3,worst_plus,active_2opt,3,1.0,1.0,9608.972751666666,10445.6802543,10496.875027,769.3027955303031,954.2613660909091,242.66666666666666,278,40978.19708931674,227.66666666666666,13.0,210.0,0.1359619446642076,0.1811859579756856,0.4074810000000042,0
3,minimum_radius,active_genetic,7,1.0,1.0,9978.962337714287,10536.197504,10571.071517,813.4800796598973,982.2840679000001,248.85714285714286,286,42649.81169300555,234.42857142857142,12.428571428571429,214.71428571428572,0.14279473213745014,0.20394425000995398,0.9958090000000013,0
3,near_collinear,active_genetic,6,1.0,1.0,9420.832009166666,10275.05097275,10472.445943,717.7573796655755,938.9566671,196.16666666666666,256,41470.8267105952,180.66666666666666,13.5,155.83333333333334,0.17839786134815463,0.20269075001124293,1.0642570000000031,0
3,outward_boundary,active_genetic,6,1.0,1.0,9566.758017166665,9947.15839175,9960.818145,752.1147800989844,844.2091741818182,281.6666666666667,298,39602.95674921632,266.8333333333333,12.833333333333334,247.83333333333334,0.16372905584285036,0.1917650000541471,0.9814980000000002,0
3,random,active_genetic,20,1.0,1.0,9940.0795296,10645.039040149999,11106.223136,792.7446093915806,979.1520439,227.75,274,43105.14764668826,212.9,12.85,190.3,0.16717991254408843,0.20661749999271706,3.3179450000000026,0
3,smooth_noise,active_genetic,3,1.0,1.0,10226.120857666667,10442.6809286,10451.742005,739.3032307388888,863.4276034166666,218.66666666666666,243,44807.2709465377,202.66666666666666,14.0,181.33333333333334,0.16091834699424604,0.17464891698909923,0.4823080000000033,0
3,truncated_bearing,active_genetic,3,1.0,1.0,10169.266777666668,10430.6039372,10471.296511,710.4010067015873,747.9497507857143,198.33333333333334,203,45144.66722240794,182.0,14.333333333333334,158.66666666666666,0.18056698601382473,0.19664725003531203,0.5411350000000006,0
3,unknown_count,active_genetic,7,1.0,1.0,9576.989101,10297.1229749,10336.446908,757.8591517361002,938.4062593000001,231.57142857142858,273,41174.23122064716,216.57142857142858,13.0,194.28571428571428,0.1638139405570525,0.20387666596798226,1.1444520000000011,0
3,worst_alternating,active_genetic,3,1.0,1.0,9369.992992333335,10131.0890364,10190.72701,719.7076904597221,959.4347273999999,247.66666666666666,260,39643.29829047791,232.0,13.666666666666666,213.0,0.14618154199949154,0.17579570901580155,0.4381230000000045,0
3,worst_minus,active_genetic,3,1.0,1.0,9045.157433,9513.2160425,9523.725855,773.5604632234848,952.3725855,247.0,277,38020.78716880292,232.66666666666666,12.333333333333334,216.0,0.1292303610049809,0.1578558330074884,0.38731899999999797,0
3,worst_plus,active_genetic,3,1.0,1.0,9608.972751666666,10445.6802543,10496.875027,769.3027955303031,954.2613660909091,242.66666666666666,278,40978.19708931674,227.66666666666666,13.0,210.0,0.13773722199645513,0.1816936659743078,0.4124300000000005,0
3,minimum_radius,square_cropped_2opt,7,1.0,1.0,10998.604075142855,11566.119944,11624.54282,898.486089765908,1119.8049298,584.2857142857143,677,37808.02037100998,569.8571428571429,12.428571428571429,525.5714285714286,0.028817392711061984,0.03239408298395574,0.20153400000000232,0
3,near_collinear,square_cropped_2opt,6,1.0,1.0,10935.914283999999,11641.4799345,11805.782936,834.8230283885913,1180.5782936,490.5,644,40310.40475022484,475.0,13.5,431.3333333333333,0.031798993004485965,0.038029000046662986,0.19057200000000662,0
3,outward_boundary,square_cropped_2opt,6,1.0,1.0,11349.698016333334,11797.5457535,11924.299617,895.7400854911756,1084.027237909091,615.8333333333334,659,38618.49007891532,601.0,12.833333333333334,556.8333333333334,0.025214361182103556,0.02791512501426041,0.1511099999999974,0
3,random,square_cropped_2opt,20,1.0,1.0,11372.03857315,12247.21587355,12630.896773,908.5509725211417,1263.0896773,562.35,662,40329.44286188256,547.5,12.85,504.4,0.03521581670211162,0.047864917025435716,0.6994660000000005,0
3,smooth_noise,square_cropped_2opt,3,1.0,1.0,11526.342392666667,12138.1118528,12229.479079,836.3643766166668,1019.1232565833334,549.3333333333334,642,41503.378628283936,533.3333333333334,14.0,489.0,0.040578805337039135,0.04362700000638142,0.12160100000000185,0
3,truncated_bearing,square_cropped_2opt,3,1.0,1.0,11379.525258666667,11567.5367297,11570.740656,794.456977752381,824.1929566428571,513.6666666666666,557,41837.62629130367,497.3333333333333,14.333333333333334,453.6666666666667,0.03578345799663415,0.037845458020456135,0.10725099999999799,0
3,unknown_count,square_cropped_2opt,7,1.0,1.0,11510.889163999998,12148.0057113,12209.809149,912.1172047243739,1190.2862983999999,582.4285714285714,684,40424.44581263935,567.4285714285714,13.0,523.8571428571429,0.035099148858405115,0.04062912496738136,0.24537500000000279,0
3,worst_alternating,square_cropped_2opt,3,1.0,1.0,11071.147846666667,11457.5228002,11485.915822,851.0790015305556,1148.5915822000002,607.3333333333334,658,37474.07256812668,591.6666666666666,13.666666666666666,549.6666666666666,0.030807763667932402,0.03632395900785923,0.09234200000000214,0
3,worst_minus,square_cropped_2opt,3,1.0,1.0,10862.554090333333,11705.7130791,11826.389751,927.3041145787879,1182.6389751000002,599.6666666666666,675,36652.770452801225,585.3333333333334,12.333333333333334,543.6666666666666,0.02821644430514425,0.03386770799988881,0.0845950000000002,0
3,worst_plus,square_cropped_2opt,3,1.0,1.0,10632.394087666667,11361.5110594,11424.644195,847.6661103743687,1038.6040177272728,567.0,615,36473.63710520557,552.0,13.0,512.6666666666666,0.02755265267721067,0.032674500020220876,0.0826129999999985,0
3,minimum_radius,square_greedy,7,1.0,1.0,11744.684645428571,12313.834046400001,12361.488477,960.4057554034514,1209.7370939,594.2857142857143,742,41021.99465281534,579.8571428571429,12.428571428571429,578.8571428571429,0.029115619004837105,0.032709124963730574,0.2035399999999985,0
3,near_collinear,square_greedy,6,1.0,1.0,11606.438880166666,12319.5166525,12388.908282,888.5410074265873,1238.8908282,535.0,654,42114.694402474306,519.5,13.5,518.5,0.03665181249380112,0.04205516696674749,0.21960099999999905,0
3,outward_boundary,square_greedy,6,1.0,1.0,12190.104330666667,12433.9528605,12448.547143,961.9642800585249,1126.3790920909091,650.6666666666666,707,41559.68832142764,635.8333333333334,12.833333333333334,634.8333333333334,0.02639715266802038,0.02810358296846971,0.15815499999999894,0
3,random,square_greedy,20,1.0,1.0,11959.41534125,12652.5847818,12672.049157,957.2159703041134,1267.2049157,583.2,693,42430.32670564776,568.35,12.85,567.35,0.040553333252319135,0.09463937499094754,0.7880830000000001,0
3,smooth_noise,square_greedy,3,1.0,1.0,12290.557616999999,12756.5541015,12820.514346,887.0422405833333,1015.07599175,564.3333333333334,646,44657.788084617954,548.3333333333334,14.0,547.3333333333334,0.043015958314451076,0.045973500004038215,0.1288940000000025,0
3,truncated_bearing,square_greedy,3,1.0,1.0,11866.310652,12244.9510541,12284.104993,829.4630444142857,877.4360709285714,523.0,568,43778.21992541337,506.6666666666667,14.333333333333334,505.6666666666667,0.03885366633767262,0.04371354100294411,0.11634200000000305,0
3,unknown_count,square_greedy,7,1.0,1.0,11875.401445142857,12871.8666051,13076.040897,944.4515723972878,1222.5003672999999,591.2857142857143,717,41768.43579771148,576.2857142857143,13.0,575.2857142857143,0.034804237848480364,0.040646250010468066,0.24344899999999825,0
3,worst_alternating,square_greedy,3,1.0,1.0,11509.861051,11922.4055485,11940.463487,884.955281638889,1194.0463487000002,583.6666666666666,644,40172.638581756706,568.0,13.666666666666666,567.0,0.027903346985112876,0.03363345796242356,0.08360199999999907,0
3,worst_minus,square_greedy,3,1.0,1.0,11553.961163666667,12226.0726739,12284.593053,986.4696569333333,1228.4593053,620.0,703,39296.47248323006,605.6666666666666,12.333333333333334,604.6666666666666,0.029680041984344523,0.036980833974666893,0.08896000000000015,0
3,worst_plus,square_greedy,3,1.0,1.0,11189.249065000002,12277.567994399998,12332.718318,897.9291654715909,1121.1562107272728,597.3333333333334,672,38156.245329891426,582.3333333333334,13.0,581.3333333333334,0.030044958674504112,0.032444417010992765,0.08991900000000186,0
3,minimum_radius,triangle_2opt,7,1.0,1.0,16140.242153999998,18012.361603999998,18186.726506,1305.9396259900648,1399.0105908,657.1428571428571,860,65144.782191031365,380.0,275.14285714285717,361.0,0.02229266070727525,0.026058374962303787,0.1559709999999992,0
3,near_collinear,triangle_2opt,6,1.0,1.0,14679.604742833335,15395.797622,15461.878171,1112.0677155440476,1513.0937758,538.6666666666666,724,59683.02378548621,375.0,161.66666666666666,356.0,0.026736270840046927,0.030301666993182153,0.16024099999999208,0
3,outward_boundary,triangle_2opt,6,1.0,1.0,16620.459226833333,17892.6224525,17955.15826,1301.4886396573427,1450.469982,498.0,582,69928.96280405989,380.0,116.0,361.0,0.01699058333178982,0.018724749970715493,0.10179799999999872,0
3,random,triangle_2opt,20,1.0,1.0,14581.822404150002,15993.142693700001,16604.950288,1154.7313876115545,1473.1911804,526.8,629,59349.36201269318,376.95,147.85,357.95,0.025402125014807098,0.033728959038853645,0.5070039999999969,0
3,smooth_noise,triangle_2opt,3,1.0,1.0,15998.928356333332,17549.3766865,17682.409431,1144.1635218222223,1178.8272954,608.0,690,65159.64179967206,380.0,226.0,361.0,0.027035708325759817,0.030167374992743134,0.08100200000000157,0
3,truncated_bearing,triangle_2opt,3,1.0,1.0,15829.242956,16486.4275143,16601.998045,1104.307833293651,1106.7998696666666,575.0,585,64842.8815606277,377.3333333333333,195.66666666666666,358.3333333333333,0.028392402998482186,0.030812916986178607,0.08505799999999653,0
3,unknown_count,triangle_2opt,7,1.0,1.0,14470.432246142856,15623.182214600001,15755.657327,1129.542093519198,1302.4567422,489.0,528,59335.73268275575,378.42857142857144,108.57142857142857,359.42857142857144,0.02368491070644398,0.028537167003378272,0.16562899999999914,0
3,worst_alternating,triangle_2opt,3,1.0,1.0,17495.426532333335,19342.1474417,19399.029606,1297.8302502361112,1425.7042028,799.6666666666666,934,69770.46594266884,380.0,417.6666666666667,361.0,0.02468458334139238,0.028309166023973376,0.0728140000000046,0
3,worst_minus,triangle_2opt,3,1.0,1.0,17875.248691666668,21129.2966099,21604.118552,1466.394905051515,1532.3544664545452,844.0,1005,71017.9103386416,380.0,462.0,361.0,0.02422547198754425,0.029783374979160726,0.07260600000000039,0
3,worst_plus,triangle_2opt,3,1.0,1.0,17784.821444333335,19470.7022019,19634.069178,1385.417710003788,1500.0332847500001,786.3333333333334,938,71424.10732834712,380.0,404.3333333333333,361.0,0.024017694658444572,0.029152542003430426,0.0720230000000015,0
3,minimum_radius,triangle_genetic,7,1.0,1.0,16140.242153999998,18012.361603999998,18186.726506,1305.9396259900648,1399.0105908,657.1428571428571,860,65144.782191031365,380.0,275.14285714285717,361.0,0.02223506543253149,0.025966084038373083,0.15552699999999753,0
3,near_collinear,triangle_genetic,6,1.0,1.0,14679.604742833335,15395.797622,15461.878171,1112.0677155440476,1513.0937758,538.6666666666666,724,59683.02378548621,375.0,161.66666666666666,356.0,0.02699375032292058,0.030591833987273276,0.16167499999999535,0
3,outward_boundary,triangle_genetic,6,1.0,1.0,16620.459226833333,17892.6224525,17955.15826,1301.4886396573427,1450.469982,498.0,582,69928.96280405989,380.0,116.0,361.0,0.016940479157104466,0.018677957996260375,0.1015329999999981,0
3,random,triangle_genetic,20,1.0,1.0,14581.822404150002,15993.142693700001,16604.950288,1154.7313876115545,1473.1911804,526.8,629,59349.36201269318,376.95,147.85,357.95,0.02539970219368115,0.03375312499701977,0.5070120000000032,0
3,smooth_noise,triangle_genetic,3,1.0,1.0,15998.928356333332,17549.3766865,17682.409431,1144.1635218222223,1178.8272954,608.0,690,65159.64179967206,380.0,226.0,361.0,0.02839226401799048,0.031206583022139966,0.0851140000000008,0
3,truncated_bearing,triangle_genetic,3,1.0,1.0,15829.242956,16486.4275143,16601.998045,1104.307833293651,1106.7998696666666,575.0,585,64842.8815606277,377.3333333333333,195.66666666666666,358.3333333333333,0.028102388974123944,0.03001616697292775,0.0842050000000043,0
3,unknown_count,triangle_genetic,7,1.0,1.0,14470.432246142856,15623.182214600001,15755.657327,1129.542093519198,1302.4567422,489.0,528,59335.73268275575,378.42857142857144,108.57142857142857,359.42857142857144,0.023695142864848355,0.028793582983780652,0.1656089999999999,0
3,worst_alternating,triangle_genetic,3,1.0,1.0,17495.426532333335,19342.1474417,19399.029606,1297.8302502361112,1425.7042028,799.6666666666666,934,69770.46594266884,380.0,417.6666666666667,361.0,0.024683208340623725,0.028493791993241757,0.07382800000000245,0
3,worst_minus,triangle_genetic,3,1.0,1.0,17875.248691666668,21129.2966099,21604.118552,1466.394905051515,1532.3544664545452,844.0,1005,71017.9103386416,380.0,462.0,361.0,0.024339153004499774,0.02966516703600064,0.07296499999999995,0
3,worst_plus,triangle_genetic,3,1.0,1.0,17784.821444333335,19470.7022019,19634.069178,1385.417710003788,1500.0332847500001,786.3333333333334,938,71424.10732834712,380.0,404.3333333333333,361.0,0.024091416659454506,0.029105374997016042,0.07219300000000572,0
4,minimum_radius,active_2opt,7,1.0,1.0,10677.793536857143,11812.4419742,12152.609111,810.1405011846938,1101.8718655,387.57142857142856,474,43028.96768015478,307.2857142857143,78.28571428571429,273.57142857142856,0.28012595243386124,0.3631896669976413,1.93389599999999,0
4,near_collinear,active_2opt,6,1.0,1.0,10981.141336833336,12450.78386725,12778.189402,753.1953590440171,851.8792934666667,348.5,454,45837.37335068351,260.0,86.5,224.83333333333334,0.30091396515490487,0.3339229999692179,1.8002269999999925,0
4,outward_boundary,active_2opt,6,1.0,1.0,11678.295682666665,11986.79856275,12004.692617,983.4162183330664,1190.7747477,527.5,572,43956.47841343665,436.1666666666667,89.33333333333333,413.8333333333333,0.19667002084315754,0.25054833298781887,1.1785780000000017,0
4,random,active_2opt,20,1.0,1.0,11187.05538185,12759.630364,13423.24059,860.9246773806424,1156.791228181818,400.2,531,45168.27691369823,322.75,75.45,286.5,0.3186522522009909,0.5622304159915075,6.302000000000017,0
4,smooth_noise,active_2opt,3,1.0,1.0,11567.188159666666,12000.0150185,12068.31846,900.1581415670995,1035.0258222727273,380.6666666666667,417,47115.940820058786,340.0,38.666666666666664,302.0,0.3024701943504624,0.3518247500178404,0.905664999999992,0
4,truncated_bearing,active_2opt,3,1.0,1.0,12531.515120666669,13738.8730429,13871.194466,959.6051265000001,1117.5370661000002,479.6666666666667,594,50175.90893460766,358.3333333333333,119.33333333333333,320.0,0.33525348633217317,0.4158886250224896,0.992826000000008,0
4,unknown_count,active_2opt,7,1.0,1.0,12078.912307142858,13437.703175999999,13603.614813,947.9824722087031,1168.2021965,453.42857142857144,549,48659.56145029876,334.57142857142856,116.85714285714286,297.57142857142856,0.3139663750023049,0.43404695903882384,2.1842529999999982,0
4,worst_alternating,active_2opt,3,1.0,1.0,10782.992624,11678.027630499999,11709.450351,728.7217656634615,876.5556266153847,428.3333333333333,481,42681.629745479346,322.0,104.33333333333333,293.6666666666667,0.2821994586653697,0.35357208404457197,0.8452219999999997,0
4,worst_minus,active_2opt,3,1.0,1.0,10912.313617666667,11877.0904925,11934.603634,846.9682628403262,1032.6792926363635,426.3333333333333,481,43099.90141417068,341.0,83.33333333333333,310.6666666666667,0.24809409765293822,0.3094420420238748,0.7427399999999977,0
4,worst_plus,active_2opt,3,1.0,1.0,10679.587546666668,11558.9178597,11612.999638,763.4980828402778,967.7499698333332,362.6666666666667,431,43134.60439823359,325.0,35.666666666666664,292.0,0.2970418336723621,0.37809254199964926,0.8892039999999994,0
4,minimum_radius,active_genetic,7,1.0,1.0,10677.793536857143,11812.4419742,12152.609111,810.1405011846938,1101.8718655,387.57142857142856,474,43028.96768015478,307.2857142857143,78.28571428571429,273.57142857142856,0.27620716056221034,0.3509889999986626,1.9233009999999808,0
4,near_collinear,active_genetic,6,1.0,1.0,10981.141336833336,12450.78386725,12778.189402,753.1953590440171,851.8792934666667,348.5,454,45837.37335068351,260.0,86.5,224.83333333333334,0.2997051251780552,0.3341605419991538,1.7931420000000031,0
4,outward_boundary,active_genetic,6,1.0,1.0,11678.295682666665,11986.79856275,12004.692617,983.4162183330664,1190.7747477,527.5,572,43956.47841343665,436.1666666666667,89.33333333333333,413.8333333333333,0.19682598598107384,0.2503657909692265,1.1795600000000093,0
4,random,active_genetic,20,1.0,1.0,11187.05538185,12759.630364,13423.24059,860.9246773806424,1156.791228181818,400.2,531,45168.27691369823,322.75,75.45,286.5,0.3095439897006145,0.40638150001177564,6.178019000000013,0
4,smooth_noise,active_genetic,3,1.0,1.0,11567.188159666666,12000.0150185,12068.31846,900.1581415670995,1035.0258222727273,380.6666666666667,417,47115.940820058786,340.0,38.666666666666664,302.0,0.3013952919864096,0.349431749957148,0.9028300000000016,0
4,truncated_bearing,active_genetic,3,1.0,1.0,12531.515120666669,13738.8730429,13871.194466,959.6051265000001,1117.5370661000002,479.6666666666667,594,50175.90893460766,358.3333333333333,119.33333333333333,320.0,0.3259453889913857,0.4221346669946797,0.9752289999999988,0
4,unknown_count,active_genetic,7,1.0,1.0,12078.912307142858,13437.703175999999,13603.614813,947.9824722087031,1168.2021965,453.42857142857144,549,48659.56145029876,334.57142857142856,116.85714285714286,297.57142857142856,0.31376760728224845,0.40954712498933077,2.184106999999969,0
4,worst_alternating,active_genetic,3,1.0,1.0,10782.992624,11678.027630499999,11709.450351,728.7217656634615,876.5556266153847,428.3333333333333,481,42681.629745479346,322.0,104.33333333333333,293.6666666666667,0.2857023886560152,0.3521230000187643,0.8530520000000053,0
4,worst_minus,active_genetic,3,1.0,1.0,10912.313617666667,11877.0904925,11934.603634,846.9682628403262,1032.6792926363635,426.3333333333333,481,43099.90141417068,341.0,83.33333333333333,310.6666666666667,0.24733591669549546,0.30930625001201406,0.7401869999999988,0
4,worst_plus,active_genetic,3,1.0,1.0,10679.587546666668,11558.9178597,11612.999638,763.4980828402778,967.7499698333332,362.6666666666667,431,43134.60439823359,325.0,35.666666666666664,292.0,0.3031050276670915,0.37861162499757484,0.9038449999999969,0
4,minimum_radius,square_cropped_2opt,7,1.0,1.0,11474.712134000001,12403.736919699999,12592.910086,871.3456553613095,1156.2080809,615.4285714285714,696,39247.13209220436,599.8571428571429,13.571428571428571,558.1428571428571,0.03333408927677998,0.03704604203812778,0.23282800000000492,0
4,near_collinear,square_cropped_2opt,6,1.0,1.0,10994.065737500001,11767.1892635,11898.456326,756.569515341079,874.8760058461538,501.1666666666667,561,40284.49535208559,484.5,14.666666666666666,441.3333333333333,0.0357933749910444,0.04433145798975602,0.21405199999999525,0
4,outward_boundary,square_cropped_2opt,6,1.0,1.0,11749.49337783333,11982.5504705,11994.731502,989.3041570100428,1170.3197318,684.0,723,38574.96688539281,669.5,12.5,625.1666666666666,0.02655027750491475,0.03227500000502914,0.15919200000001155,0
4,random,square_cropped_2opt,20,1.0,1.0,11813.6701753,12665.760185100002,13357.592386,904.6508315508056,1184.3958341,589.85,677,41717.85087286216,574.45,13.4,530.85,0.035911366905202156,0.04446845903294161,0.7171019999999864,0
4,smooth_noise,square_cropped_2opt,3,1.0,1.0,11712.605573333334,11930.9997866,11932.964347,909.9363307575758,1026.5030572727273,579.6666666666666,613,41519.694534821094,564.6666666666666,13.0,520.3333333333334,0.03318897233111784,0.03442674997495487,0.0994529999999898,0
4,truncated_bearing,square_cropped_2opt,3,1.0,1.0,11392.360413666667,11796.345914200001,11805.008905,890.6574598555557,1180.5008905,556.6666666666666,618,40610.13539764858,541.3333333333334,13.333333333333334,497.0,0.03897819466268023,0.05593820899957791,0.11344499999999869,0
4,unknown_count,square_cropped_2opt,7,1.0,1.0,11877.927001714284,12319.2983704,12371.384116,937.6137706990123,1154.7052586,601.0,707,41709.63500396786,586.0,13.0,541.0,0.04010761284735054,0.07469974999548867,0.258349999999993,0
4,worst_alternating,square_cropped_2opt,3,1.0,1.0,12010.797295333332,12671.257712300001,12739.749668,811.9236274391025,979.9807436923077,619.0,665,41832.31980287224,601.6666666666666,15.333333333333334,560.0,0.03389647197521602,0.03534891700837761,0.10150199999999643,0
4,worst_minus,square_cropped_2opt,3,1.0,1.0,12299.927095666668,12374.985719799999,12378.357643,943.5672445228729,1106.9804757272727,646.0,684,42559.63546395393,624.6666666666666,19.333333333333332,580.0,0.03002323635155335,0.0369796670274809,0.08989300000001066,0
4,worst_plus,square_cropped_2opt,3,1.0,1.0,11630.21388466667,12051.723356,12109.107346,821.0086480083334,937.1889051666667,591.3333333333334,605,40766.06941925533,575.0,14.333333333333334,530.3333333333334,0.03236655564978719,0.03994862496620044,0.09691499999999564,0
4,minimum_radius,square_greedy,7,1.0,1.0,11773.497568714285,12950.2057895,12999.26975,897.421095737245,1189.527747,600.4285714285714,684,40989.6306972525,584.7142857142857,13.714285714285714,583.7142857142857,0.03270072600571439,0.03773287503281608,0.22838900000000706,0
4,near_collinear,square_greedy,6,1.0,1.0,11719.734358833331,12348.31902925,12410.035736,806.8194054474358,935.6283776153846,540.1666666666666,589,42532.00512745414,523.5,14.666666666666666,522.5,0.03701393052081888,0.044858124980237335,0.221584,0
4,outward_boundary,square_greedy,6,1.0,1.0,12341.689537666665,12781.33440175,12787.947568,1048.2025232410258,1278.7947568,737.1666666666666,787,39719.28101832143,723.0,12.166666666666666,722.0,0.025841986149316654,0.02896187495207414,0.15482500000000954,0
4,random,square_greedy,20,1.0,1.0,12412.14371835,13394.5812535,13686.337796,955.0866017296127,1255.5731306,621.2,714,43556.71859180416,605.8,13.4,604.8,0.03703129584318958,0.04546908295014873,0.7396590000000067,0
4,smooth_noise,square_greedy,3,1.0,1.0,11933.808706000002,12260.714519000001,12288.56269,932.2107691948053,1117.1420627272728,620.3333333333334,704,41189.04353213679,605.3333333333334,13.0,604.3333333333334,0.0384310416605634,0.03993645898299292,0.11498100000000022,0
4,truncated_bearing,square_greedy,3,1.0,1.0,12425.291902333332,12506.929355100001,12513.747035,966.636907222222,1244.5570235999999,619.3333333333334,653,43678.12618040038,604.0,13.333333333333334,603.0,0.05584537532801429,0.09910458402009681,0.12518299999999272,0
4,unknown_count,square_greedy,7,1.0,1.0,12162.789653285714,13105.4475726,13189.711518,966.0265033778959,1251.0968197,621.2857142857143,721,42305.37683655079,606.2857142857143,13.0,605.2857142857143,0.04421485716011375,0.0952436660300009,0.27832999999998265,0
4,worst_alternating,square_greedy,3,1.0,1.0,12805.306315,13060.6301394,13103.854387,861.1030516442307,972.3425113076923,603.0,632,46076.53157457927,586.0,15.0,585.0,0.03319013898726553,0.0362040419713594,0.09932700000000239,0
4,worst_minus,square_greedy,3,1.0,1.0,11862.269649,12582.5940786,12593.712378,920.1443178693181,1134.7753985454544,639.3333333333334,683,40263.01491426493,624.0,13.333333333333334,623.0,0.03251530565709496,0.039274999988265336,0.09730299999999659,0
4,worst_plus,square_greedy,3,1.0,1.0,11249.195328666667,12081.616991,12124.081634,803.51893495,1010.3401361666666,581.6666666666666,677,38932.643312856126,565.3333333333334,14.333333333333334,564.3333333333334,0.03347725002095103,0.03589512500911951,0.10032400000000763,0
4,minimum_radius,triangle_2opt,7,1.0,1.0,12221.622813857142,14269.733509099999,14670.557024,915.6569237857993,1182.6729306,483.7142857142857,574,47300.25691838989,440.0,41.714285714285715,409.2857142857143,0.025479696133905754,0.030513416975736618,0.17796699999998822,0
4,near_collinear,triangle_2opt,6,1.0,1.0,11357.190473499999,11703.972938500001,11786.924042,778.9579093479701,865.3718778461539,422.0,455,44646.78567197314,389.5,30.5,359.5,0.02983299983316101,0.03415320802014321,0.17856300000000402,0
4,outward_boundary,triangle_2opt,6,1.0,1.0,12434.1939435,14539.416247500001,15133.697505,1039.7845908636218,1275.6572475,548.8333333333334,612,46248.46970375442,516.8333333333334,30.0,486.0,0.023736777851202834,0.029871958016883582,0.14211800000001062,0
4,random,triangle_2opt,20,1.0,1.0,11488.473686199999,12615.76367165,13154.3009,875.6145393806162,1101.6754805,456.3,541,44071.618434043165,438.2,16.1,408.05,0.02989382080268115,0.03990979102673009,0.5961339999999886,0
4,smooth_noise,triangle_2opt,3,1.0,1.0,10700.293908666667,10871.6934725,10901.740768,833.1461091450216,963.7516193636365,432.3333333333333,478,40804.80287400043,417.3333333333333,13.0,387.6666666666667,0.027967833331786096,0.029994040960446,0.08375899999999348,0
4,truncated_bearing,triangle_2opt,3,1.0,1.0,11319.194725000001,11923.9198651,12012.772574,878.2157092777778,1112.4245485,482.6666666666667,519,42395.973627475934,467.3333333333333,13.333333333333334,436.6666666666667,0.030317916340815525,0.034211707999929786,0.09065400000000068,0
4,unknown_count,triangle_2opt,7,1.0,1.0,12056.686990142858,12865.72712,12907.113941,951.0395399386382,1290.7113941,543.4285714285714,630,45220.57770755693,464.42857142857144,77.0,433.42857142857144,0.029361124574539384,0.03428883303422481,0.2052139999999838,0
4,worst_alternating,triangle_2opt,3,1.0,1.0,13531.571239666666,13972.7014698,14007.08633,913.0649636810898,1077.4681792307692,522.3333333333334,616,53194.522909136664,443.6666666666667,76.66666666666667,414.3333333333333,0.027072013646829873,0.029242082964628935,0.08105599999998958,0
4,worst_minus,triangle_2opt,3,1.0,1.0,12946.449074333332,13665.673254599998,13745.598186,1001.5617785190851,1249.599835090909,555.3333333333334,632,49423.911954934476,468.6666666666667,84.66666666666667,437.6666666666667,0.025310694337046396,0.02603962499415502,0.07574799999999726,0
4,worst_plus,triangle_2opt,3,1.0,1.0,12800.587259,13664.426871700001,13700.356519,897.9562628250001,946.6954343333333,479.0,525,50106.269641283725,450.0,27.0,419.6666666666667,0.025976902688853443,0.027882875001523644,0.07777600000000007,0
4,minimum_radius,triangle_genetic,7,1.0,1.0,12221.622813857142,14269.733509099999,14670.557024,915.6569237857993,1182.6729306,483.7142857142857,574,47300.25691838989,440.0,41.714285714285715,409.2857142857143,0.02548891042325912,0.02996766596334055,0.1780429999999953,0
4,near_collinear,triangle_genetic,6,1.0,1.0,11357.190473499999,11703.972938500001,11786.924042,778.9579093479701,865.3718778461539,422.0,455,44646.78567197314,389.5,30.5,359.5,0.031922284668932356,0.046566625009290874,0.188126000000004,0
4,outward_boundary,triangle_genetic,6,1.0,1.0,12434.1939435,14539.416247500001,15133.697505,1039.7845908636218,1275.6572475,548.8333333333334,612,46248.46970375442,516.8333333333334,30.0,486.0,0.02363492367051852,0.029482750047463924,0.14159099999999825,0
4,random,triangle_genetic,20,1.0,1.0,11488.473686199999,12615.76367165,13154.3009,875.6145393806162,1101.6754805,456.3,541,44071.618434043165,438.2,16.1,408.05,0.030315874944790266,0.05237541702808812,0.6021210000000039,0
4,smooth_noise,triangle_genetic,3,1.0,1.0,10700.293908666667,10871.6934725,10901.740768,833.1461091450216,963.7516193636365,432.3333333333333,478,40804.80287400043,417.3333333333333,13.0,387.6666666666667,0.028040778008289635,0.030393083987291902,0.08393099999999265,0
4,truncated_bearing,triangle_genetic,3,1.0,1.0,11319.194725000001,11923.9198651,12012.772574,878.2157092777778,1112.4245485,482.6666666666667,519,42395.973627475934,467.3333333333333,13.333333333333334,436.6666666666667,0.029927347340465833,0.032800332992337644,0.08957200000000398,0
4,unknown_count,triangle_genetic,7,1.0,1.0,12056.686990142858,12865.72712,12907.113941,951.0395399386382,1290.7113941,543.4285714285714,630,45220.57770755693,464.42857142857144,77.0,433.42857142857144,0.039505511846592914,0.10535520897246897,0.21074399999997695,0
4,worst_alternating,triangle_genetic,3,1.0,1.0,13531.571239666666,13972.7014698,14007.08633,913.0649636810898,1077.4681792307692,522.3333333333334,616,53194.522909136664,443.6666666666667,76.66666666666667,414.3333333333333,0.0270891806576401,0.029714000003878027,0.08109599999999517,0
4,worst_minus,triangle_genetic,3,1.0,1.0,12946.449074333332,13665.673254599998,13745.598186,1001.5617785190851,1249.599835090909,555.3333333333334,632,49423.911954934476,468.6666666666667,84.66666666666667,437.6666666666667,0.02518140299556156,0.02615679200971499,0.07541400000000209,0
4,worst_plus,triangle_genetic,3,1.0,1.0,12800.587259,13664.426871700001,13700.356519,897.9562628250001,946.6954343333333,479.0,525,50106.269641283725,450.0,27.0,419.6666666666667,0.026234083343297243,0.028835667006205767,0.0784580000000048,0
