intersection_angle_deg,error1,error2,pure_wedge_status,pure_wedge_diameter_m,pure_wedge_mec_radius_m,with_public_prior_outer_radius_m,certifies_20m,ray_intersection_error_m
0,-1.0,-1.0,unbounded,,,750.4617553055401,False,
0,-1.0,0.0,unbounded,,,750.1165542953024,False,1000.0
0,-1.0,1.0,unbounded,,,750.0000229938648,False,1000.0
0,0.0,-1.0,unbounded,,,750.1165542953023,False,1000.0
0,0.0,0.0,unbounded,,,750.2331037494381,False,
0,0.0,1.0,unbounded,,,750.1165542953024,False,1000.0
0,1.0,-1.0,unbounded,,,750.0000229938647,False,1000.0
0,1.0,0.0,unbounded,,,750.1165542953024,False,1000.0
0,1.0,1.0,unbounded,,,750.4617553055399,False,
1,-1.0,-1.0,unbounded,,,584.9144679890038,False,17.45307099674787
1,-1.0,0.0,unbounded,,,502.7173630704445,False,
1,-1.0,1.0,unbounded,,,259.8436771453947,False,1999.9238461283426
1,0.0,-1.0,unbounded,,,625.7631354096734,False,500.0761640219539
1,0.0,0.0,unbounded,,,584.6860254747285,False,1.1368683772161603e-13
1,0.0,1.0,unbounded,,,502.7173630704476,False,
1,1.0,-1.0,bounded,800.0913999593192,400.0456999796596,410.6485619053352,False,666.7089773804692
1,1.0,0.0,unbounded,,,625.7631354096721,False,500.07616402195396
1,1.0,1.0,unbounded,,,584.9144679890028,False,17.45307099674787
2,-1.0,-1.0,unbounded,,,501.74323056807293,False,17.455064928217585
2,-1.0,0.0,unbounded,,,419.31597522695165,False,999.9999999999998
2,-1.0,1.0,unbounded,,,255.1061676690181,False,
2,0.0,-1.0,bounded,1600.060942132,800.030471066,550.9955176405978,False,333.4687601057548
2,0.0,0.0,unbounded,,,501.514931747668,False,0.0
2,0.0,1.0,unbounded,,,419.3159752269526,False,999.9999999999998
2,1.0,-1.0,bounded,666.8359423967944,333.41797119839725,339.0229176201803,False,500.0761640219539
2,1.0,0.0,bounded,1600.0609421319923,800.0304710659962,550.9955176405981,False,333.4687601057548
2,1.0,1.0,unbounded,,,501.7432305680744,False,17.455064928217585
5,-1.0,-1.0,bounded,952.4414364143645,476.22071820718224,394.64011202311656,False,17.46903308596054
5,-1.0,0.0,bounded,1666.5820752623474,833.2910376311737,335.5094811250311,False,250.19049129835503
5,-1.0,1.0,bounded,3999.2384960792915,1999.6192480396458,252.9536965765547,False,666.7089773804693
5,0.0,-1.0,bounded,625.2857138768335,312.64285693841674,316.5640085905104,False,166.96319731205864
5,0.0,0.0,bounded,952.5865195830631,476.29325979153157,394.4465345031266,False,0.0
5,0.0,1.0,bounded,1666.582075262335,833.2910376311675,335.5094811250318,False,250.19049129835503
5,1.0,-1.0,bounded,444.8113552513835,222.40567762569174,225.03133238277542,False,285.87754220260615
5,1.0,0.0,bounded,625.2857138768308,312.6428569384154,316.5640085905091,False,166.96319731205875
5,1.0,1.0,bounded,952.4414364143539,476.22071820717696,394.6401120231178,False,17.46903308596054
15,-1.0,-1.0,bounded,272.20108906509716,136.10054453254858,137.51129715967414,False,17.603002564459633
15,-1.0,0.0,bounded,313.1197270107902,156.5598635053951,158.1913830604937,False,72.14066504407572
15,-1.0,1.0,bounded,364.1214741898624,182.0607370949312,183.97061404357422,False,154.16882486273778
15,0.0,-1.0,bounded,238.93148884602397,119.46574442301198,120.69866522881131,False,63.31655005742586
15,0.0,0.0,bounded,272.2425408995311,136.12127044976555,137.5322379161131,False,1.1368683772161603e-13
15,0.0,1.0,bounded,313.1197270107895,156.55986350539476,158.1913830604933,False,72.14066504407572
15,1.0,-1.0,bounded,211.4510932800846,105.7255466400423,106.81271759958746,False,118.07371603679508
15,1.0,0.0,bounded,238.93148884602363,119.46574442301181,120.69866522881112,False,63.31655005742608
15,1.0,1.0,bounded,272.2010890650962,136.1005445325481,137.5112971596736,False,17.603002564459626
30,-1.0,-1.0,bounded,135.43668977056566,67.71834488528283,68.40152850343269,False,18.068060675355216
30,-1.0,0.0,bounded,144.7820939437672,72.3910469718836,73.12183405584459,False,35.99847385127337
30,-1.0,1.0,bounded,155.14262337776205,77.57131168888104,78.35494343749082,False,72.14066504407572
30,0.0,-1.0,bounded,127.0157297827901,63.50786489139505,64.14820383755347,False,33.88566260917961
30,0.0,0.0,bounded,135.45721510150094,67.72860755075047,68.41189471395128,False,0.0
30,0.0,1.0,bounded,144.782093943767,72.3910469718835,73.12183405584449,False,35.998473851273495
30,1.0,-1.0,bounded,119.3668749019229,59.68343745096145,60.28490262792562,False,63.31655005742573
30,1.0,0.0,bounded,127.01572978279016,63.50786489139508,64.14820383755352,False,33.88566260917972
30,1.0,1.0,bounded,135.43668977056558,67.71834488528279,68.40152850343267,False,18.068060675355188
60,-1.0,-1.0,bounded,69.87467355928561,34.937336779642806,35.287431210260145,False,20.152303109144707
60,-1.0,0.0,bounded,72.05142040453012,36.02571020226507,36.38673854186045,False,20.360560211510602
60,-1.0,1.0,bounded,74.33782888872695,37.16891444436347,37.54142938492762,False,35.998473851272934
60,0.0,-1.0,bounded,67.81889256030958,33.90944628015479,34.24921581856983,False,19.95427989424659
60,0.0,0.0,bounded,69.88413646045257,34.94206823022629,35.292210092501065,False,0.0
60,0.0,1.0,bounded,72.05142040453029,36.025710202265145,36.38673854186061,False,20.360560211510446
60,1.0,-1.0,bounded,65.8581392639131,32.92906963195656,33.25899298703821,False,33.88566260917969
60,1.0,0.0,bounded,67.81889256030958,33.90944628015479,34.249215818569844,False,19.954279894246618
60,1.0,1.0,bounded,69.87467355928574,34.93733677964287,35.28743121026025,False,20.152303109144707
90,-1.0,-1.0,bounded,49.38542582373391,24.69271291186696,24.939843773867796,False,24.681429879653912
90,-1.0,0.0,bounded,50.2630447273542,25.1315223636771,25.38305046663338,False,17.455064928217542
90,-1.0,1.0,bounded,51.17240560417561,25.586202802087808,25.84228739016205,False,25.123725818997627
90,0.0,-1.0,bounded,49.36285975930738,24.68518955358811,24.93209311517949,False,17.455064928217624
90,0.0,0.0,bounded,49.38542582373404,24.692712911867027,24.939843773869963,False,0.0
90,0.0,1.0,bounded,50.26304472735416,25.13152236367708,25.383050466633357,False,17.455064928217624
90,1.0,-1.0,bounded,49.385425823733925,24.692712911866963,24.939539766183003,False,24.26170000473678
90,1.0,0.0,bounded,49.36285975930749,24.685189553588163,24.932093115179526,False,17.455064928217624
90,1.0,1.0,bounded,49.38542582373398,24.692712911867,24.939843773867718,False,24.681429879653912
120,-1.0,-1.0,bounded,69.79899340500171,34.899496702500855,35.24834779812553,False,34.904812874566815
120,-1.0,0.0,bounded,69.11312534337833,34.556562671689164,34.90198584063568,False,19.954279894246366
120,-1.0,1.0,bounded,68.4612562922202,34.23062814611011,34.572793313349905,False,20.360560211510574
120,0.0,-1.0,bounded,70.5203072933378,35.2601536466689,35.61260982504879,False,20.360560211510826
120,0.0,0.0,bounded,69.79899340500148,34.89949670250074,35.24834779812866,False,0.0
120,0.0,1.0,bounded,69.11312534337814,34.55656267168907,34.90198584063569,False,19.954279894246337
120,1.0,-1.0,bounded,71.27862407955232,35.63931203977616,35.995558239128314,False,19.95427989424661
120,1.0,0.0,bounded,70.52030729333778,35.26015364666889,35.6126098250488,False,20.36056021151073
120,1.0,1.0,bounded,69.79899340500153,34.89949670250076,35.24834779812549,False,34.904812874566815
150,-1.0,-1.0,bounded,134.84130075774286,67.42065037887143,68.09457894445764,False,67.43092043466295
150,-1.0,0.0,bounded,130.90420623882176,65.45210311941088,66.10635432755357,False,33.88566260917972
150,-1.0,1.0,bounded,127.22815517271168,63.61407758635585,64.24995611624925,False,18.155728571133466
150,0.0,-1.0,bounded,139.06623871162924,69.53311935581462,70.2281639027205,False,35.998473851273495
150,0.0,0.0,bounded,134.8413007577429,67.42065037887146,68.0945789444635,False,0.0
150,0.0,1.0,bounded,130.9042062388216,65.45210311941081,66.10635432755357,False,33.885662609179846
150,1.0,-1.0,bounded,143.6096575877582,71.8048287938791,72.52258107025531,False,17.986687939218314
150,1.0,0.0,bounded,139.0662387116294,69.5331193558147,70.22816390272064,False,35.99847385127338
150,1.0,1.0,bounded,134.8413007577429,67.42065037887146,68.09457894445771,False,67.43092043466318
175,-1.0,-1.0,bounded,800.0913999593464,400.0456999796732,252.71513277823962,False,400.10663815862836
175,-1.0,0.0,bounded,667.1155209745594,333.5577604872797,335.598000302012,False,166.96319731205887
175,-1.0,1.0,bounded,572.1911539118503,286.09557695592514,288.9553533108933,False,17.48501952329208
175,0.0,-1.0,bounded,999.6571857295648,499.8285928647824,378.0791709364595,False,250.19049129835537
175,0.0,0.0,bounded,800.0913999593506,400.0456999796753,404.04450781145374,False,0.0
175,0.0,1.0,bounded,667.1155209745622,333.55776048728114,335.5980003020151,False,166.96319731205898
175,1.0,-1.0,bounded,1332.4025246767587,666.2012623383794,500.9720164054669,False,17.458388991157815
175,1.0,0.0,bounded,999.6571857295712,499.8285928647856,378.07917093646097,False,250.19049129835548
175,1.0,1.0,bounded,800.0913999593547,400.04569997967735,252.71513277824224,False,400.10663815862847
179,-1.0,-1.0,bounded,1000.0000000000116,500.00000000000585,260.03897628690424,False,1999.923846128354
179,-1.0,0.0,bounded,1500.0761640219553,750.0380820109776,500.07700154370207,False,500.0761640219553
179,-1.0,1.0,bounded,1333.6211026548142,666.8105513274071,500.0587141786449,False,17.45838899115781
179,0.0,-1.0,bounded,1999.923846128343,999.9619230641715,500.21170064322524,False,
179,0.0,0.0,bounded,1999.9238461283426,999.9619230641714,500.1157543188718,False,0.0
179,0.0,1.0,bounded,1500.0761640219469,750.0380820109734,500.0770015437019,False,500.0761640219554
179,1.0,-1.0,bounded,1999.923846128343,999.9619230641715,500.1157543188718,False,17.453070996747897
179,1.0,0.0,bounded,1999.9238461283426,999.9619230641713,500.21170064322524,False,
179,1.0,1.0,bounded,999.9999999999886,499.9999999999944,260.03897628689265,False,1999.9238461283537
180,-1.0,-1.0,bounded,2000.0000000000136,1000.0000000000103,500.0000685489214,False,
180,-1.0,0.0,bounded,2000.0000000000073,1000.0000000000036,500.0792888084944,False,999.999999999993
180,-1.0,1.0,bounded,2000.0000000000105,1000.0000000000103,500.0777424896451,False,17.45506492821761
180,0.0,-1.0,bounded,2000.000000000021,1000.000000000021,500.0792888084944,False,1000.0000000000073
180,0.0,0.0,bounded,2000.0000000000005,1000.0000000000002,500.0776951272042,False,
180,0.0,1.0,bounded,2000.0000000000261,1000.0000000000234,500.0792888084944,False,999.999999999993
180,1.0,-1.0,bounded,2000.0000000000052,1000.0000000000026,500.0777424896451,False,17.455064928217613
180,1.0,0.0,bounded,2000.000000000009,1000.0000000000045,500.0792888084944,False,1000.000000000007
180,1.0,1.0,bounded,2000.0000000000068,1000.0000000000034,500.0000685489214,False,
